COD_ETU;Note ;Résultat;Année ;Session ;FILIERE;ANNEE;MODULE;SEMESTRE
11013299;6;NV ;2014;2;BCG;2014;TLBC2304;S2
12011098;10.05 ;V  ;2013;1;BCG;2014;TLBC2304;S2
12011382;1.1   ;NRA;2014;1;BCG;2014;TLBC2304;S2
12011664;7.65  ;NV ;2014;2;BCG;2014;TLBC2304;S2
11013303;10;V  ;2013;2;BCG;2014;TLBC2404;S2
12011115;10;V  ;2013;2;BCG;2014;TLBC2404;S2
12011549;0;NRA;2014;1;BCG;2014;TLBC2404;S2
12011666;10;V  ;2013;2;BCG;2014;TLBC2404;S2
12011874;0;NRA;2014;1;BCG;2014;TLBC2404;S2
12012559;10;V  ;2014;2;BCG;2014;TLBC2404;S2
13011263;7.92  ;AC ;2013;2;BCG;2014;TLBC2404;S2
13012011;10;V  ;2013;1;BCG;2014;TLBC2404;S2
13012304;10;V  ;2013;2;BCG;2014;TLBC2404;S2
13012475;4.56  ;NRA;2014;1;BCG;2014;TLBC2404;S2
13012783;11.1  ;V  ;2014;1;BCG;2014;TLBC2404;S2
13013054;10;V  ;2014;2;BCG;2014;TLBC2404;S2
13013174;0;NRA;2014;1;BCG;2014;TLBC2404;S2
13013660;0;NRA;2014;1;BCG;2014;TLBC2404;S2
13014136;2.5   ;NRA;2014;1;BCG;2014;TLBC2404;S2
13014755;10;V  ;2013;2;BCG;2014;TLBC2404;S2
13018251;10;V  ;2013;2;BCG;2014;TLBC2404;S2
14000027;11.72 ;V  ;2014;1;BCG;2014;TLBC2404;S2
14000075;11.44 ;V  ;2014;1;BCG;2014;TLBC2404;S2
14000118;12;V  ;2014;1;BCG;2014;TLBC2404;S2
14000144;10;V  ;2014;1;BCG;2014;TLBC2404;S2
14000199;0;NRA;2014;1;BCG;2014;TLBC2404;S2
14000241;12.1  ;V  ;2014;1;BCG;2014;TLBC2404;S2
14000291;10;V  ;2014;2;BCG;2014;TLBC2404;S2
14000318;13.7  ;V  ;2014;1;BCG;2014;TLBC2404;S2
14000353;2.5   ;NRA;2014;1;BCG;2014;TLBC2404;S2
14000400;0;NRA;2014;1;BCG;2014;TLBC2404;S2
14000422;10 005;V  ;2014;1;BCG;2014;TLBC2404;S2
14000471;0;NRA;2014;1;BCG;2014;TLBC2404;S2
14000544;10;V  ;2014;2;BCG;2014;TLBC2404;S2
14000694;13.75 ;V  ;2014;1;BCG;2014;TLBC2404;S2
14000990;10.8  ;V  ;2014;1;BCG;2014;TLBC2404;S2
14001611;10.4  ;V  ;2014;1;BCG;2014;TLBC2404;S2
14001658;10;V  ;2014;2;BCG;2014;TLBC2404;S2
14002373;0;NRA;2014;1;BCG;2014;TLBC2404;S2
14004961;10;V  ;2014;2;BCG;2014;TLBC2404;S2
14005642;10;V  ;2014;1;BCG;2014;TLBC2404;S2
14006141;16.9  ;V  ;2014;1;BCG;2014;TLBC2404;S2
14007110;9.4   ;NV ;2014;2;BCG;2014;TLBC2404;S2
12005967;0;NRA;2014;1;BCG;2014;TLBC2604;S2
12011130;12.3  ;V  ;2012;1;BCG;2014;TLBC2604;S2
12011566;10;V  ;2013;2;BCG;2014;TLBC2604;S2
12011668;12.12 ;V  ;2012;1;BCG;2014;TLBC2604;S2
12011898;10;V  ;2012;1;BCG;2014;TLBC2604;S2
12012775;10;V  ;2012;1;BCG;2014;TLBC2604;S2
13011269;10;V  ;2013;2;BCG;2014;TLBC2604;S2
13012042;10.5  ;V  ;2014;1;BCG;2014;TLBC2604;S2
13012324;14.38 ;V  ;2013;1;BCG;2014;TLBC2604;S2
13012505;10;V  ;2013;2;BCG;2014;TLBC2604;S2
13012802;10;V  ;2013;2;BCG;2014;TLBC2604;S2
13013061;10;V  ;2013;2;BCG;2014;TLBC2604;S2
13013180;10;V  ;2014;2;BCG;2014;TLBC2604;S2
13013684;10.33 ;V  ;2013;1;BCG;2014;TLBC2604;S2
13014173;10.25 ;V  ;2013;1;BCG;2014;TLBC2604;S2
13014920;0;NRA;2014;1;BCG;2014;TLBC2604;S2
14000007;15.5  ;V  ;2014;1;BCG;2014;TLBC2604;S2
14000034;18;V  ;2014;1;BCG;2014;TLBC2604;S2
14000077;13;V  ;2014;1;BCG;2014;TLBC2604;S2
14000121;0;NRA;2014;1;BCG;2014;TLBC2604;S2
14000147;14.5  ;V  ;2014;1;BCG;2014;TLBC2604;S2
14000209;15;V  ;2014;1;BCG;2014;TLBC2604;S2
14000244;15.5  ;V  ;2014;1;BCG;2014;TLBC2604;S2
14000299;8;NV ;2014;2;BCG;2014;TLBC2604;S2
14000322;8;NV ;2014;2;BCG;2014;TLBC2604;S2
14000364;14;V  ;2014;1;BCG;2014;TLBC2604;S2
14000405;11.5  ;V  ;2014;1;BCG;2014;TLBC2604;S2
14000435;0;NRA;2014;1;BCG;2014;TLBC2604;S2
14000475;8.5   ;NV ;2014;2;BCG;2014;TLBC2604;S2
14000581;0;NRA;2014;1;BCG;2014;TLBC2604;S2
14000698;12;V  ;2014;1;BCG;2014;TLBC2604;S2
14001010;11.5  ;V  ;2014;1;BCG;2014;TLBC2604;S2
14001641;14.5  ;V  ;2014;1;BCG;2014;TLBC2604;S2
14001936;13;V  ;2014;1;BCG;2014;TLBC2604;S2
14002474;13;V  ;2014;1;BCG;2014;TLBC2604;S2
14004997;13;V  ;2014;1;BCG;2014;TLBC2604;S2
14005745;18;V  ;2014;1;BCG;2014;TLBC2604;S2
14006171;13.5  ;V  ;2014;1;BCG;2014;TLBC2604;S2
14007278;0;NRA;2014;1;BCG;2014;TLBC2604;S2
10048467;9.7   ;AC ;2011;1;BCG;2014;TLBC1104;S1
12006411;0;NRA;2014;1;BCG;2014;TLBC1104;S1
12011138;11.32 ;V  ;2012;1;BCG;2014;TLBC1104;S1
12011579;10;V  ;2012;1;BCG;2014;TLBC1104;S1
12011695;0;NRA;2014;1;BCG;2014;TLBC1104;S1
12011925;10;V  ;2012;1;BCG;2014;TLBC1104;S1
13010014;14.1  ;V  ;2014;1;BCG;2014;TLBC1104;S1
13011379;10;V  ;2013;2;BCG;2014;TLBC1104;S1
13012118;0;NRA;2014;1;BCG;2014;TLBC1104;S1
13012344;11.63 ;V  ;2013;1;BCG;2014;TLBC1104;S1
13012547;0;NRA;2014;1;BCG;2014;TLBC1104;S1
13012807;10.4  ;V  ;2014;1;BCG;2014;TLBC1104;S1
13013098;10;V  ;2014;2;BCG;2014;TLBC1104;S1
13013185;0;NRA;2014;1;BCG;2014;TLBC1104;S1
13013696;10;V  ;2014;2;BCG;2014;TLBC1104;S1
13014293;10.1  ;V  ;2014;1;BCG;2014;TLBC1104;S1
13014984;12.4  ;V  ;2014;1;BCG;2014;TLBC1104;S1
14000013;16.2  ;V  ;2014;1;BCG;2014;TLBC1104;S1
14000046;10;V  ;2014;2;BCG;2014;TLBC1104;S1
14000083;10;V  ;2014;2;BCG;2014;TLBC1104;S1
14000126;10.1  ;V  ;2014;1;BCG;2014;TLBC1104;S1
14000150;10.2  ;V  ;2014;1;BCG;2014;TLBC1104;S1
14000216;14.9  ;V  ;2014;1;BCG;2014;TLBC1104;S1
14000253;10.92 ;V  ;2014;1;BCG;2014;TLBC1104;S1
14000301;10;V  ;2014;2;BCG;2014;TLBC1104;S1
14000327;15.1  ;V  ;2014;1;BCG;2014;TLBC1104;S1
14000368;11;V  ;2014;1;BCG;2014;TLBC1104;S1
14000408;8.7   ;NV ;2014;2;BCG;2014;TLBC1104;S1
14000444;5.3   ;NV ;2014;2;BCG;2014;TLBC1104;S1
14000482;1.9   ;NRA;2014;1;BCG;2014;TLBC1104;S1
14000591;16.25 ;V  ;2014;1;BCG;2014;TLBC1104;S1
14000700;10;V  ;2014;2;BCG;2014;TLBC1104;S1
14001039;11.5  ;V  ;2014;1;BCG;2014;TLBC1104;S1
14001648;10;V  ;2014;2;BCG;2014;TLBC1104;S1
14001987;11.5  ;V  ;2014;1;BCG;2014;TLBC1104;S1
14003081;10;V  ;2014;2;BCG;2014;TLBC1104;S1
14005055;10.2  ;V  ;2014;1;BCG;2014;TLBC1104;S1
14005961;14;V  ;2014;1;BCG;2014;TLBC1104;S1
14006173;12.8  ;V  ;2014;1;BCG;2014;TLBC1104;S1
10048675;;;;;BCG;2014;TLBC1304;S1
12006858;0;NRA;2014;1;BCG;2014;TLBC1304;S1
12011178;10;V  ;2013;2;BCG;2014;TLBC1304;S1
12011598;10;V  ;2012;1;BCG;2014;TLBC1304;S1
12011713;0;NRA;2014;1;BCG;2014;TLBC1304;S1
12011960;10;V  ;2013;2;BCG;2014;TLBC1304;S1
13010027;0;NRA;2014;1;BCG;2014;TLBC1304;S1
13011436;12 837;V  ;2013;1;BCG;2014;TLBC1304;S1
13012156;;;;;BCG;2014;TLBC1304;S1
13012363;10;V  ;2013;2;BCG;2014;TLBC1304;S1
13012564;11.9  ;V  ;2013;1;BCG;2014;TLBC1304;S1
13012823;10;V  ;2013;1;BCG;2014;TLBC1304;S1
13013122;0;NRA;2014;1;BCG;2014;TLBC1304;S1
13013278;9.18  ;NV ;2014;2;BCG;2014;TLBC1304;S1
13013707;0;NRA;2014;1;BCG;2014;TLBC1304;S1
13014362;;;;;BCG;2014;TLBC1304;S1
13014995;2.9   ;NRA;2014;1;BCG;2014;TLBC1304;S1
14000018;10;V  ;2014;2;BCG;2014;TLBC1304;S1
14000055;14.17 ;V  ;2014;1;BCG;2014;TLBC1304;S1
14000090;12.37 ;V  ;2014;1;BCG;2014;TLBC1304;S1
14000132;9;NV ;2014;2;BCG;2014;TLBC1304;S1
14000165;10;V  ;2014;1;BCG;2014;TLBC1304;S1
14000222;11.67 ;V  ;2014;1;BCG;2014;TLBC1304;S1
14000261;15.16 ;V  ;2014;1;BCG;2014;TLBC1304;S1
14000305;10;V  ;2014;2;BCG;2014;TLBC1304;S1
14000330;10 075;V  ;2014;1;BCG;2014;TLBC1304;S1
14000374;8.5   ;AC ;2014;2;BCG;2014;TLBC1304;S1
14000409;10;V  ;2014;1;BCG;2014;TLBC1304;S1
14000450;8.75  ;AC ;2014;2;BCG;2014;TLBC1304;S1
14000487;14.82 ;V  ;2014;1;BCG;2014;TLBC1304;S1
14000636;11.81 ;V  ;2014;1;BCG;2014;TLBC1304;S1
14000786;2.6   ;NRA;2014;1;BCG;2014;TLBC1304;S1
14001374;10.95 ;V  ;2014;1;BCG;2014;TLBC1304;S1
14001651;11.8  ;V  ;2014;1;BCG;2014;TLBC1304;S1
14002043;12.9  ;V  ;2014;1;BCG;2014;TLBC1304;S1
14003205;14.88 ;V  ;2014;1;BCG;2014;TLBC1304;S1
14005206;9;NV ;2014;2;BCG;2014;TLBC1304;S1
14005963;8;NV ;2014;2;BCG;2014;TLBC1304;S1
14006204;5.88  ;NV ;2014;2;BCG;2014;TLBC1304;S1
11011713;;;;;BCG;2014;TLBC1504;S1
12008132;10.5  ;V  ;2013;1;BCG;2014;TLBC1504;S1
12011207;;;;;BCG;2014;TLBC1504;S1
12011618;;;;;BCG;2014;TLBC1504;S1
12011780;;;;;BCG;2014;TLBC1504;S1
12012361;9;NV ;2014;2;BCG;2014;TLBC1504;S1
13010634;3.5   ;NRA;2014;1;BCG;2014;TLBC1504;S1
13011472;;;;;BCG;2014;TLBC1504;S1
13012223;8.7   ;AC ;2014;2;BCG;2014;TLBC1504;S1
13012387;4 625;NRA;2014;1;BCG;2014;TLBC1504;S1
13012646;7;NV ;2014;2;BCG;2014;TLBC1504;S1
13012911;12;V  ;2013;1;BCG;2014;TLBC1504;S1
13013124;3.75  ;NRA;2014;1;BCG;2014;TLBC1504;S1
13013443;7.5   ;NV ;2014;2;BCG;2014;TLBC1504;S1
13013968;7;AC ;2014;2;BCG;2014;TLBC1504;S1
13014365;0;NRA;2014;1;BCG;2014;TLBC1504;S1
13015390;0;NRA;2014;1;BCG;2014;TLBC1504;S1
14000020;10;V  ;2014;2;BCG;2014;TLBC1504;S1
14000065;11.25 ;V  ;2014;1;BCG;2014;TLBC1504;S1
14000096;11.25 ;V  ;2014;1;BCG;2014;TLBC1504;S1
14000135;11.5  ;V  ;2014;1;BCG;2014;TLBC1504;S1
14000171;7;NV ;2014;2;BCG;2014;TLBC1504;S1
14000225;10;V  ;2014;2;BCG;2014;TLBC1504;S1
14000267;4.75  ;NRA;2014;1;BCG;2014;TLBC1504;S1
14000308;12.5  ;V  ;2014;1;BCG;2014;TLBC1504;S1
14000332;10;V  ;2014;2;BCG;2014;TLBC1504;S1
14000380;4.75  ;NRA;2014;1;BCG;2014;TLBC1504;S1
14000413;10;V  ;2014;2;BCG;2014;TLBC1504;S1
14000458;4;NRA;2014;1;BCG;2014;TLBC1504;S1
14000503;14;V  ;2014;1;BCG;2014;TLBC1504;S1
14000639;7;NV ;2014;2;BCG;2014;TLBC1504;S1
14000790;7.5   ;AC ;2014;2;BCG;2014;TLBC1504;S1
14001585;7.5   ;NV ;2014;2;BCG;2014;TLBC1504;S1
14001652;10;V  ;2014;2;BCG;2014;TLBC1504;S1
14002046;0;NRA;2014;1;BCG;2014;TLBC1504;S1
14003240;7.5   ;NV ;2014;2;BCG;2014;TLBC1504;S1
14005216;8.94  ;AC ;2014;2;BCG;2014;TLBC1504;S1
14005965;14 375;V  ;2014;1;BCG;2014;TLBC1504;S1
14006560;9;AC ;2014;2;BCG;2014;TLBC1504;S1
11013259;3 592;;2014;2;BCG;2014;TLBC2004;S2
12011050;9 701;;2014;2;BCG;2014;TLBC2004;S2
12011235;1 167;;2014;2;BCG;2014;TLBC2004;S2
12011628;9 775;;2014;2;BCG;2014;TLBC2004;S2
12011789;7 917;;2014;2;BCG;2014;TLBC2004;S2
12012443;9 279;;2014;2;BCG;2014;TLBC2004;S2
13010975;1;NV ;2014;2;BCG;2014;TLBC2004;S2
13011494;11 022;V  ;2014;2;BCG;2014;TLBC2004;S2
13012266;10 317;V  ;2014;2;BCG;2014;TLBC2004;S2
13012397;8 767;;2014;2;BCG;2014;TLBC2004;S2
13012711;6.1   ;NV ;2014;2;BCG;2014;TLBC2004;S2
13012949;2 867;NV ;2014;2;BCG;2014;TLBC2004;S2
13013139;8 608;;2014;2;BCG;2014;TLBC2004;S2
13013531;12 183;V  ;2014;1;BCG;2014;TLBC2004;S2
13013976;5 083;;2014;2;BCG;2014;TLBC2004;S2
13014462;2.6   ;NV ;2014;2;BCG;2014;TLBC2004;S2
13015697;0;NV ;2014;2;BCG;2014;TLBC2004;S2
14000023;12.85 ;V  ;2014;1;BCG;2014;TLBC2004;S2
14000068;12 458;V  ;2014;2;BCG;2014;TLBC2004;S2
14000103;13 417;V  ;2014;1;BCG;2014;TLBC2004;S2
14000138;11.45 ;V  ;2014;2;BCG;2014;TLBC2004;S2
14000181;10 958;V  ;2014;1;BCG;2014;TLBC2004;S2
14000230;6 822;NV ;2014;2;BCG;2014;TLBC2004;S2
14000277;1;NV ;2014;2;BCG;2014;TLBC2004;S2
14000311;1;NV ;2014;2;BCG;2014;TLBC2004;S2
14000336;12 679;V  ;2014;1;BCG;2014;TLBC2004;S2
14000388;1 333;NV ;2014;2;BCG;2014;TLBC2004;S2
14000417;10;V  ;2014;2;BCG;2014;TLBC2004;S2
14000463;13 067;V  ;2014;2;BCG;2014;TLBC2004;S2
14000510;10 002;V  ;2014;2;BCG;2014;TLBC2004;S2
14000683;.2    ;NV ;2014;2;BCG;2014;TLBC2004;S2
14000792;8 329;NV ;2014;2;BCG;2014;TLBC2004;S2
14001602;7 517;NV ;2014;2;BCG;2014;TLBC2004;S2
14001653;12 267;V  ;2014;2;BCG;2014;TLBC2004;S2
14002202;11 325;V  ;2014;2;BCG;2014;TLBC2004;S2
14003296;10 767;V  ;2014;2;BCG;2014;TLBC2004;S2
14005238;12 654;V  ;2014;2;BCG;2014;TLBC2004;S2
14005967;16 283;V  ;2014;1;BCG;2014;TLBC2004;S2
14006562;9 742;NV ;2014;2;BCG;2014;TLBC2004;S2
11013286;0;NRA;2014;1;BCG;2014;TLBC2204;S2
12011093;0;NRA;2014;1;BCG;2014;TLBC2204;S2
12011378;10;AC ;2013;1;BCG;2014;TLBC2204;S2
12011662;1;NRA;2014;1;BCG;2014;TLBC2204;S2
12011867;7;AC ;2013;1;BCG;2014;TLBC2204;S2
12012455;8.25  ;AC ;2013;2;BCG;2014;TLBC2204;S2
13011190;;;;;BCG;2014;TLBC2204;S2
13011712;0;NRA;2014;1;BCG;2014;TLBC2204;S2
13012297;10;V  ;2013;2;BCG;2014;TLBC2204;S2
13012458;8.5   ;AC ;2014;2;BCG;2014;TLBC2204;S2
13012731;4.75  ;NRA;2014;1;BCG;2014;TLBC2204;S2
13012975;10;V  ;2013;2;BCG;2014;TLBC2204;S2
13013159;0;NRA;2014;1;BCG;2014;TLBC2204;S2
13013632;0;NRA;2014;1;BCG;2014;TLBC2204;S2
13014092;10 162;V  ;2013;1;BCG;2014;TLBC2204;S2
13014678;10;V  ;2013;2;BCG;2014;TLBC2204;S2
13016482;0;NRA;2014;1;BCG;2014;TLBC2204;S2
14000025;11.13 ;V  ;2014;1;BCG;2014;TLBC2204;S2
14000071;0;NRA;2014;1;BCG;2014;TLBC2204;S2
14000112;2;NRA;2014;1;BCG;2014;TLBC2204;S2
14000141;12;V  ;2014;1;BCG;2014;TLBC2204;S2
14000189;9.5   ;AC ;2014;2;BCG;2014;TLBC2204;S2
14000238;7;AC ;2014;2;BCG;2014;TLBC2204;S2
14000285;1;NRA;2014;1;BCG;2014;TLBC2204;S2
14000313;2;NRA;2014;1;BCG;2014;TLBC2204;S2
14000338;11.25 ;V  ;2014;1;BCG;2014;TLBC2204;S2
14000394;7;NV ;2014;2;BCG;2014;TLBC2204;S2
14000420;9;AC ;2014;2;BCG;2014;TLBC2204;S2
14000468;10.5  ;V  ;2014;1;BCG;2014;TLBC2204;S2
14000516;12 375;V  ;2014;1;BCG;2014;TLBC2204;S2
14000689;10;V  ;2014;1;BCG;2014;TLBC2204;S2
14000796;0;NRA;2014;1;BCG;2014;TLBC2204;S2
14001604;2.25  ;NRA;2014;1;BCG;2014;TLBC2204;S2
14001656;2.75  ;NRA;2014;1;BCG;2014;TLBC2204;S2
14002310;8.6   ;AC ;2014;2;BCG;2014;TLBC2204;S2
14004681;10.5  ;V  ;2014;1;BCG;2014;TLBC2204;S2
14005397;10 875;V  ;2014;1;BCG;2014;TLBC2204;S2
14005974;7.5   ;NV ;2014;2;BCG;2014;TLBC2204;S2
14006702;0;NRA;2014;1;BCG;2014;TLBC2204;S2
12005831;8.5   ;AC ;2013;2;BCG;2014;TLBC2504;S2
12011128;0;NRA;2014;1;BCG;2014;TLBC2504;S2
12011564;0;NRA;2014;1;BCG;2014;TLBC2504;S2
12011667;0;NRA;2014;1;BCG;2014;TLBC2504;S2
12011883;0;NRA;2014;1;BCG;2014;TLBC2504;S2
12012676;10;V  ;2013;1;BCG;2014;TLBC2504;S2
13011265;7.1   ;AC ;2014;2;BCG;2014;TLBC2504;S2
13012015;12.75 ;V  ;2013;1;BCG;2014;TLBC2504;S2
13012310;11.75 ;V  ;2013;1;BCG;2014;TLBC2504;S2
13012487;0;NRA;2014;1;BCG;2014;TLBC2504;S2
13012801;7;AC ;2014;2;BCG;2014;TLBC2504;S2
13013056;7;AC ;2014;2;BCG;2014;TLBC2504;S2
13013177;10;V  ;2013;2;BCG;2014;TLBC2504;S2
13013661;2;NRA;2014;1;BCG;2014;TLBC2504;S2
13014135;10;V  ;2013;2;BCG;2014;TLBC2504;S2
13014757;0;NRA;2014;1;BCG;2014;TLBC2504;S2
14000005;13.8  ;V  ;2014;1;BCG;2014;TLBC2504;S2
14000028;10.6  ;V  ;2014;1;BCG;2014;TLBC2504;S2
14000076;13.6  ;V  ;2014;1;BCG;2014;TLBC2504;S2
14000120;14.5  ;V  ;2014;1;BCG;2014;TLBC2504;S2
14000146;1.7   ;NRA;2014;1;BCG;2014;TLBC2504;S2
14000206;14.2  ;V  ;2014;1;BCG;2014;TLBC2504;S2
14000243;7.2   ;AC ;2014;2;BCG;2014;TLBC2504;S2
14000297;1.1   ;NRA;2014;1;BCG;2014;TLBC2504;S2
14000320;10.1  ;V  ;2014;1;BCG;2014;TLBC2504;S2
14000361;10;V  ;2014;2;BCG;2014;TLBC2504;S2
14000402;.8    ;NRA;2014;1;BCG;2014;TLBC2504;S2
14000426;10;V  ;2014;2;BCG;2014;TLBC2504;S2
14000472;5;NV ;2014;2;BCG;2014;TLBC2504;S2
14000578;13.7  ;V  ;2014;1;BCG;2014;TLBC2504;S2
14000696;.5    ;NRA;2014;1;BCG;2014;TLBC2504;S2
14001001;1.8   ;NRA;2014;1;BCG;2014;TLBC2504;S2
14001612;10;V  ;2014;2;BCG;2014;TLBC2504;S2
14001838;11.7  ;V  ;2014;1;BCG;2014;TLBC2504;S2
14002435;2.2   ;NRA;2014;1;BCG;2014;TLBC2504;S2
14004990;0;NRA;2014;1;BCG;2014;TLBC2504;S2
14005654;8;NV ;2014;2;BCG;2014;TLBC2504;S2
14006142;1.4   ;NRA;2014;1;BCG;2014;TLBC2504;S2
14007228;1.5   ;NRA;2014;1;BCG;2014;TLBC2504;S2
10048490;7;AC ;2013;2;BCG;2014;TLBC1204;S1
12006494;7;AC ;2013;1;BCG;2014;TLBC1204;S1
12011156;0;NRA;2014;1;BCG;2014;TLBC1204;S1
12011595;0;NRA;2014;1;BCG;2014;TLBC1204;S1
12011705;10;V  ;2013;2;BCG;2014;TLBC1204;S1
12011940;0;NRA;2014;1;BCG;2014;TLBC1204;S1
13010024;0;NRA;2014;1;BCG;2014;TLBC1204;S1
13011424;10;V  ;2013;2;BCG;2014;TLBC1204;S1
13012136;7;NV ;2014;2;BCG;2014;TLBC1204;S1
13012358;2;NRA;2014;1;BCG;2014;TLBC1204;S1
13012558;1;NRA;2014;1;BCG;2014;TLBC1204;S1
13012808;10;V  ;2014;1;BCG;2014;TLBC1204;S1
13013107;3.2   ;NRA;2014;1;BCG;2014;TLBC1204;S1
13013197;.7    ;NRA;2014;1;BCG;2014;TLBC1204;S1
13013700;3.65  ;NRA;2014;1;BCG;2014;TLBC1204;S1
13014308;10.3  ;V  ;2013;1;BCG;2014;TLBC1204;S1
13014993;10;V  ;2014;2;BCG;2014;TLBC1204;S1
14000015;13;V  ;2014;1;BCG;2014;TLBC1204;S1
14000049;0;NRA;2014;1;BCG;2014;TLBC1204;S1
14000085;0;NRA;2014;1;BCG;2014;TLBC1204;S1
14000130;8;AC ;2014;2;BCG;2014;TLBC1204;S1
14000161;7;AC ;2014;2;BCG;2014;TLBC1204;S1
14000219;11.3  ;V  ;2014;1;BCG;2014;TLBC1204;S1
14000257;0;NRA;2014;1;BCG;2014;TLBC1204;S1
14000302;.6    ;NRA;2014;1;BCG;2014;TLBC1204;S1
14000328;2.05  ;NRA;2014;1;BCG;2014;TLBC1204;S1
14000372;10.6  ;V  ;2014;1;BCG;2014;TLBC1204;S1
14000407;.9    ;NRA;2014;1;BCG;2014;TLBC1204;S1
14000445;0;NRA;2014;1;BCG;2014;TLBC1204;S1
14000484;4.45  ;NRA;2014;1;BCG;2014;TLBC1204;S1
14000593;7;AC ;2014;2;BCG;2014;TLBC1204;S1
14000785;4;NRA;2014;1;BCG;2014;TLBC1204;S1
14001236;.7    ;NRA;2014;1;BCG;2014;TLBC1204;S1
14001649;0;NRA;2014;1;BCG;2014;TLBC1204;S1
14002042;10;V  ;2014;2;BCG;2014;TLBC1204;S1
14003099;3.2   ;NRA;2014;1;BCG;2014;TLBC1204;S1
14005201;2.1   ;NRA;2014;1;BCG;2014;TLBC1204;S1
14005962;10;V  ;2014;2;BCG;2014;TLBC1204;S1
14006174;7.3   ;NV ;2014;2;BCG;2014;TLBC1204;S1
11012827;10.8  ;V  ;2012;1;BCG;2014;TLBC1604;S1
12010910;10;V  ;2012;1;BCG;2014;TLBC1604;S1
12011212;10;V  ;2012;1;BCG;2014;TLBC1604;S1
12011621;0;NRA;2014;1;BCG;2014;TLBC1604;S1
12011785;10;V  ;2012;1;BCG;2014;TLBC1604;S1
12012403;12.95 ;V  ;2012;1;BCG;2014;TLBC1604;S1
13010797;11.2  ;V  ;2013;1;BCG;2014;TLBC1604;S1
13011474;9;NV ;2014;2;BCG;2014;TLBC1604;S1
13012249;10;V  ;2014;1;BCG;2014;TLBC1604;S1
13012396;10;V  ;2014;2;BCG;2014;TLBC1604;S1
13012707;0;NRA;2014;1;BCG;2014;TLBC1604;S1
13012939;12.65 ;V  ;2013;1;BCG;2014;TLBC1604;S1
13013130;10.58 ;V  ;2013;1;BCG;2014;TLBC1604;S1
13013474;10.55 ;V  ;2013;1;BCG;2014;TLBC1604;S1
13013972;0;NRA;2014;1;BCG;2014;TLBC1604;S1
13014380;13.85 ;V  ;2013;1;BCG;2014;TLBC1604;S1
13015691;9;NV ;2014;2;BCG;2014;TLBC1604;S1
14000022;13.5  ;V  ;2014;1;BCG;2014;TLBC1604;S1
14000067;11.5  ;V  ;2014;1;BCG;2014;TLBC1604;S1
14000099;12;V  ;2014;1;BCG;2014;TLBC1604;S1
14000136;16.5  ;V  ;2014;1;BCG;2014;TLBC1604;S1
14000174;16.75 ;V  ;2014;1;BCG;2014;TLBC1604;S1
14000228;13.5  ;V  ;2014;1;BCG;2014;TLBC1604;S1
14000270;10;V  ;2014;2;BCG;2014;TLBC1604;S1
14000310;10;V  ;2014;1;BCG;2014;TLBC1604;S1
14000335;10;V  ;2014;2;BCG;2014;TLBC1604;S1
14000384;11;V  ;2014;1;BCG;2014;TLBC1604;S1
14000415;11;V  ;2014;1;BCG;2014;TLBC1604;S1
14000461;0;NRA;2014;1;BCG;2014;TLBC1604;S1
14000507;16.25 ;V  ;2014;1;BCG;2014;TLBC1604;S1
14000649;11.5  ;V  ;2014;1;BCG;2014;TLBC1604;S1
14000791;12;V  ;2014;1;BCG;2014;TLBC1604;S1
14001596;10;V  ;2014;2;BCG;2014;TLBC1604;S1
14001654;0;NRA;2014;1;BCG;2014;TLBC1604;S1
14002050;12;V  ;2014;1;BCG;2014;TLBC1604;S1
14003276;11;V  ;2014;1;BCG;2014;TLBC1604;S1
14005232;14;V  ;2014;1;BCG;2014;TLBC1604;S1
14005966;14;V  ;2014;1;BCG;2014;TLBC1604;S1
14006561;13.5  ;V  ;2014;1;BCG;2014;TLBC1604;S1
12011872;0;NRA;2014;1;BCG;2014;TLBC2304;S2
12012558;10;V  ;2014;1;BCG;2014;TLBC2304;S2
13011225;;;;;BCG;2014;TLBC2304;S2
13011721;0;NRA;2014;1;BCG;2014;TLBC2304;S2
13012299;7;AC ;2014;2;BCG;2014;TLBC2304;S2
13012469;5.15  ;NV ;2014;2;BCG;2014;TLBC2304;S2
13012743;0;NRA;2014;1;BCG;2014;TLBC2304;S2
13013038;10.25 ;V  ;2014;1;BCG;2014;TLBC2304;S2
13013160;9;AC ;2014;2;BCG;2014;TLBC2304;S2
13013652;0;NRA;2014;1;BCG;2014;TLBC2304;S2
13014121;0;NRA;2014;1;BCG;2014;TLBC2304;S2
13014701;10;V  ;2014;2;BCG;2014;TLBC2304;S2
13016884;9;AC ;2014;2;BCG;2014;TLBC2304;S2
14000026;13.1  ;V  ;2014;1;BCG;2014;TLBC2304;S2
14000073;0;NRA;2014;1;BCG;2014;TLBC2304;S2
14000117;12.8  ;V  ;2014;1;BCG;2014;TLBC2304;S2
14000143;9 225;NV ;2014;2;BCG;2014;TLBC2304;S2
14000195;10.6  ;V  ;2014;1;BCG;2014;TLBC2304;S2
14000237;13.2  ;V  ;2014;1;BCG;2014;TLBC2304;S2
14000288;8.55  ;NV ;2014;2;BCG;2014;TLBC2304;S2
14000316;8.1   ;NV ;2014;2;BCG;2014;TLBC2304;S2
14000341;5.05  ;NV ;2014;2;BCG;2014;TLBC2304;S2
14000398;0;NRA;2014;1;BCG;2014;TLBC2304;S2
14000421;7 575;AC ;2014;2;BCG;2014;TLBC2304;S2
14000470;13.25 ;V  ;2014;1;BCG;2014;TLBC2304;S2
14000519;11.5  ;V  ;2014;1;BCG;2014;TLBC2304;S2
14000692;.5    ;NRA;2014;1;BCG;2014;TLBC2304;S2
14000845;4 525;NRA;2014;1;BCG;2014;TLBC2304;S2
14001607;0;NRA;2014;1;BCG;2014;TLBC2304;S2
14001657;13;V  ;2014;1;BCG;2014;TLBC2304;S2
14002331;7;NV ;2014;2;BCG;2014;TLBC2304;S2
14004791;10;V  ;2014;2;BCG;2014;TLBC2304;S2
14005553;8;NV ;2014;2;BCG;2014;TLBC2304;S2
14006140;8;NV ;2014;2;BCG;2014;TLBC2304;S2
14007105;17.45 ;V  ;2014;1;BCG;2014;TLBC2304;S2
11010373;;;;;BCG;2014;TLBC1404;S1
12007338;0;NRA;2014;1;BCG;2014;TLBC1404;S1
12011179;10;V  ;2013;2;BCG;2014;TLBC1404;S1
12011600;10;V  ;2013;2;BCG;2014;TLBC1404;S1
12011726;0;NRA;2014;1;BCG;2014;TLBC1404;S1
12012355;0;NRA;2014;1;BCG;2014;TLBC1404;S1
13010028;;;;;BCG;2014;TLBC1404;S1
13011439;11.5  ;V  ;2014;1;BCG;2014;TLBC1404;S1
13012176;4 325;NRA;2014;1;BCG;2014;TLBC1404;S1
13012370;;;;;BCG;2014;TLBC1404;S1
13012634;0;NRA;2014;1;BCG;2014;TLBC1404;S1
13012905;3.6   ;NRA;2014;1;BCG;2014;TLBC1404;S1
13013123;2 812;NRA;2014;1;BCG;2014;TLBC1404;S1
13013398;5.25  ;NV ;2014;2;BCG;2014;TLBC1404;S1
13013843;.65   ;NRA;2014;1;BCG;2014;TLBC1404;S1
13014363;9.86  ;NV ;2014;2;BCG;2014;TLBC1404;S1
13015324;0;NRA;2014;1;BCG;2014;TLBC1404;S1
14000019;3.25  ;NRA;2014;1;BCG;2014;TLBC1404;S1
14000062;10;V  ;2014;2;BCG;2014;TLBC1404;S1
14000093;10;V  ;2014;2;BCG;2014;TLBC1404;S1
14000133;9 062;AC ;2014;2;BCG;2014;TLBC1404;S1
14000168;10 975;V  ;2014;1;BCG;2014;TLBC1404;S1
14000223;10.55 ;V  ;2014;1;BCG;2014;TLBC1404;S1
14000264;6;NV ;2014;2;BCG;2014;TLBC1404;S1
14000306;5.44  ;NV ;2014;2;BCG;2014;TLBC1404;S1
14000331;.975  ;NRA;2014;1;BCG;2014;TLBC1404;S1
14000376;3.65  ;NRA;2014;1;BCG;2014;TLBC1404;S1
14000412;2 437;NRA;2014;1;BCG;2014;TLBC1404;S1
14000454;2 275;NRA;2014;1;BCG;2014;TLBC1404;S1
14000486;0;NRA;2014;1;BCG;2014;TLBC1404;S1
14000637;13 412;V  ;2014;1;BCG;2014;TLBC1404;S1
14000787;3 487;NRA;2014;1;BCG;2014;TLBC1404;S1
14001434;10;V  ;2014;2;BCG;2014;TLBC1404;S1
14001650;1.3   ;NRA;2014;1;BCG;2014;TLBC1404;S1
14002044;9 997;AC ;2014;2;BCG;2014;TLBC1404;S1
14003218;0;NRA;2014;1;BCG;2014;TLBC1404;S1
14005207;8.38  ;AC ;2014;2;BCG;2014;TLBC1404;S1
14005964;10;V  ;2014;2;BCG;2014;TLBC1404;S1
14006559;10;V  ;2014;2;BCG;2014;TLBC1404;S1
11013282;0;NRA;2014;1;BCG;2014;TLBC2104;S2
12011067;10;V  ;2014;1;BCG;2014;TLBC2104;S2
12011373;11;V  ;2014;1;BCG;2014;TLBC2104;S2
12011644;0;NRA;2014;1;BCG;2014;TLBC2104;S2
12011809;1;NRA;2014;1;BCG;2014;TLBC2104;S2
12012449;12.5  ;V  ;2014;1;BCG;2014;TLBC2104;S2
13011117;;;;;BCG;2014;TLBC2104;S2
13011534;15;V  ;2014;1;BCG;2014;TLBC2104;S2
13012277;17.25 ;V  ;2014;1;BCG;2014;TLBC2104;S2
13012427;0;NRA;2014;1;BCG;2014;TLBC2104;S2
13012726;17.25 ;V  ;2014;1;BCG;2014;TLBC2104;S2
13012967;11;V  ;2014;1;BCG;2014;TLBC2104;S2
13013148;0;NRA;2014;1;BCG;2014;TLBC2104;S2
13013602;0;NRA;2014;1;BCG;2014;TLBC2104;S2
13014089;0;NRA;2014;1;BCG;2014;TLBC2104;S2
13014463;15.75 ;V  ;2014;1;BCG;2014;TLBC2104;S2
13015767;15.5  ;V  ;2014;1;BCG;2014;TLBC2104;S2
14000024;12.5  ;V  ;2014;1;BCG;2014;TLBC2104;S2
14000070;15.5  ;V  ;2014;1;BCG;2014;TLBC2104;S2
14000106;11;V  ;2014;1;BCG;2014;TLBC2104;S2
14000140;13;V  ;2014;1;BCG;2014;TLBC2104;S2
14000183;18.25 ;V  ;2014;1;BCG;2014;TLBC2104;S2
14000235;0;NRA;2014;1;BCG;2014;TLBC2104;S2
14000281;14.25 ;V  ;2014;1;BCG;2014;TLBC2104;S2
14000314;11;V  ;2014;1;BCG;2014;TLBC2104;S2
14000339;10;V  ;2014;1;BCG;2014;TLBC2104;S2
14000391;15;V  ;2014;1;BCG;2014;TLBC2104;S2
14000419;14.5  ;V  ;2014;1;BCG;2014;TLBC2104;S2
14000466;11;V  ;2014;1;BCG;2014;TLBC2104;S2
14000514;10;V  ;2014;2;BCG;2014;TLBC2104;S2
14000684;10;V  ;2014;1;BCG;2014;TLBC2104;S2
14000793;8;NV ;2014;2;BCG;2014;TLBC2104;S2
14001601;10.5  ;V  ;2014;1;BCG;2014;TLBC2104;S2
14001655;12.5  ;V  ;2014;1;BCG;2014;TLBC2104;S2
14002262;7;NV ;2014;2;BCG;2014;TLBC2104;S2
14003314;10;V  ;2014;1;BCG;2014;TLBC2104;S2
14005261;10;V  ;2014;1;BCG;2014;TLBC2104;S2
14005973;18;V  ;2014;1;BCG;2014;TLBC2104;S2
14006616;0;NRA;2014;1;BCG;2014;TLBC2104;S2
