COD_ETU;Note ;Résultat ;Année ;Session ;FILIERE;ANNEE;MODULE
9007198;;;1;2015;BCG;2015;TLBC3004
11013259;;;1;2015;BCG;2015;TLBC3004
12010824;5.625;NV;2;2015;BCG;2015;TLBC3004
12011179;4.517;NV;2;2015;BCG;2015;TLBC3004
12011575;;;1;2015;BCG;2015;TLBC3004
12011668;1.667;NV;2;2015;BCG;2015;TLBC3004
12011836;2.75  ;NV;2;2015;BCG;2015;TLBC3004
12012403;5.683;NV;2;2015;BCG;2015;TLBC3004
13010024;;;1;2015;BCG;2015;TLBC3004
13011424;9.267;NV;2;2015;BCG;2015;TLBC3004
13012266;7.275;NV;2;2015;BCG;2015;TLBC3004
13012458;9.292;AC;2;2015;BCG;2015;TLBC3004
13012743;1.333;NV;2;2015;BCG;2015;TLBC3004
13013038;11.696;V ;1;2015;BCG;2015;TLBC3004
13013177;8.279;NV;2;2015;BCG;2015;TLBC3004
13013700;;;1;2015;BCG;2015;TLBC3004
13014135;7.167;NV;2;2015;BCG;2015;TLBC3004
13014681;10.75 ;V ;2;2015;BCG;2015;TLBC3004
14000013;11.8  ;V ;1;2015;BCG;2015;TLBC3004
14000046;;;1;2015;BCG;2015;TLBC3004
14000090;;;1;2015;BCG;2015;TLBC3004
14000133;10.004;V ;2;2015;BCG;2015;TLBC3004
14000165;9.05  ;NV;2;2015;BCG;2015;TLBC3004
14000222;11.242;V ;2;2015;BCG;2015;TLBC3004
14000264;;;1;2015;BCG;2015;TLBC3004
14000310;10.325;V ;2;2015;BCG;2015;TLBC3004
14000336;11.638;V ;2;2015;BCG;2015;TLBC3004
14000388;;;1;2015;BCG;2015;TLBC3004
14000419;;;1;2015;BCG;2015;TLBC3004
14000471;;;1;2015;BCG;2015;TLBC3004
14000544;;;1;2015;BCG;2015;TLBC3004
14000694;;;1;2015;BCG;2015;TLBC3004
14000990;;;1;2015;BCG;2015;TLBC3004
14001612;;;1;2015;BCG;2015;TLBC3004
14001987;;;1;2015;BCG;2015;TLBC3004
14003099;;;1;2015;BCG;2015;TLBC3004
14005206;;;1;2015;BCG;2015;TLBC3004
14005963;;;1;2015;BCG;2015;TLBC3004
14006173;10.638;V ;2;2015;BCG;2015;TLBC3004
10009177;10.09 ;V ;1;2010;BCG;2015;TLBC3204
11013282;7;AC;2;2013;BCG;2015;TLBC3204
12010910;10;V ;2;2013;BCG;2015;TLBC3204
12011207;7;AC;1;2013;BCG;2015;TLBC3204
12011583;10;V ;2;2013;BCG;2015;TLBC3204
12011692;;;;;BCG;2015;TLBC3204
12011853;7;AC;2;2013;BCG;2015;TLBC3204
12012443;7;AC;1;2013;BCG;2015;TLBC3204
13010027;;;;;BCG;2015;TLBC3204
13011436;7;AC;2;2013;BCG;2015;TLBC3204
13012277;7;AC;2;2015;BCG;2015;TLBC3204
13012469;;;;;BCG;2015;TLBC3204
13012771;8;AC;2;2013;BCG;2015;TLBC3204
13013054;;;;;BCG;2015;TLBC3204
13013180;;;;;BCG;2015;TLBC3204
13013707;;;;;BCG;2015;TLBC3204
13014173;;;;;BCG;2015;TLBC3204
13014701;3.5   ;NR;1;2015;BCG;2015;TLBC3204
14000015;0;NR;1;2015;BCG;2015;TLBC3204
14000055;;;;;BCG;2015;TLBC3204
14000093;;;;;BCG;2015;TLBC3204
14000135;;;;;BCG;2015;TLBC3204
14000168;1.25  ;NR;1;2015;BCG;2015;TLBC3204
14000223;8.125;AC;2;2015;BCG;2015;TLBC3204
14000267;;;;;BCG;2015;TLBC3204
14000314;;;;;BCG;2015;TLBC3204
14000339;;;;;BCG;2015;TLBC3204
14000391;7;AC;2;2015;BCG;2015;TLBC3204
14000420;;;;;BCG;2015;TLBC3204
14000472;;;;;BCG;2015;TLBC3204
14000578;10;V ;2;2015;BCG;2015;TLBC3204
14000696;;;;;BCG;2015;TLBC3204
14001001;;;;;BCG;2015;TLBC3204
14001641;;;;;BCG;2015;TLBC3204
14002042;9;AC;2;2015;BCG;2015;TLBC3204
14003205;9;AC;2;2015;BCG;2015;TLBC3204
14005207;10;V ;2;2015;BCG;2015;TLBC3204
14005964;10;V ;2;2015;BCG;2015;TLBC3204
14006174;;;;;BCG;2015;TLBC3204
10048467;0;NR;2015;1;BCG;2015;TLBC3404
11013295;10;V ;2014;1;BCG;2015;TLBC3404
12011067;11;V ;2015;1;BCG;2015;TLBC3404
12011233;6;NV;2015;2;BCG;2015;TLBC3404
12011598;3.375;NR;2015;1;BCG;2015;TLBC3404
12011705;9.5   ;AC;2015;2;BCG;2015;TLBC3404
12011872;0;NR;2015;1;BCG;2015;TLBC3404
12012455;8;AC;2015;2;BCG;2015;TLBC3404
13010634;0;NR;2015;1;BCG;2015;TLBC3404
13011472;15.875;V ;2015;1;BCG;2015;TLBC3404
13012299;4.75  ;NR;2015;1;BCG;2015;TLBC3404
13012487;5;NV;2015;2;BCG;2015;TLBC3404
13012802;14.5  ;V ;2015;1;BCG;2015;TLBC3404
13013061;1.5   ;NR;2015;1;BCG;2015;TLBC3404
13013197;0;NR;2015;1;BCG;2015;TLBC3404
13013921;7;AC;2015;2;BCG;2015;TLBC3404
13014287;6.5   ;NV;2015;2;BCG;2015;TLBC3404
13014980;2.5   ;NR;2015;1;BCG;2015;TLBC3404
14000019;11.375;V ;2015;1;BCG;2015;TLBC3404
14000065;12.75 ;V ;2015;1;BCG;2015;TLBC3404
14000099;6.75  ;NV;2015;2;BCG;2015;TLBC3404
14000138;8 625;NV;2015;2;BCG;2015;TLBC3404
14000174;15.75 ;V ;2015;1;BCG;2015;TLBC3404
14000228;5.375;NV;2015;2;BCG;2015;TLBC3404
14000285;6.25  ;NR;2015;1;BCG;2015;TLBC3404
14000316;0;NR;2015;1;BCG;2015;TLBC3404
14000341;2.5   ;NR;2015;1;BCG;2015;TLBC3404
14000400;0;NR;2015;1;BCG;2015;TLBC3404
14000422;;;;;BCG;2015;TLBC3404
14000479;2.875;NR;2015;1;BCG;2015;TLBC3404
14000591;12.125;V ;2015;1;BCG;2015;TLBC3404
14000699;1.5   ;NR;2015;1;BCG;2015;TLBC3404
14001039;10;V ;2015;2;BCG;2015;TLBC3404
14001651;7.25  ;AC;2015;2;BCG;2015;TLBC3404
14002044;12.625;V ;2015;1;BCG;2015;TLBC3404
14003276;8.25  ;NV;2015;2;BCG;2015;TLBC3404
14005232;7;NV;2015;2;BCG;2015;TLBC3404
14005966;15;V ;2015;1;BCG;2015;TLBC3404
14006559;9.625;AC;2015;2;BCG;2015;TLBC3404
10048490;0;NR;2015;1;BCG;2015;TLBC3604
11013299;2.05  ;NR;2015;1;BCG;2015;TLBC3604
12011098;3.8   ;NR;2015;1;BCG;2015;TLBC3604
12011235;0;NR;2015;1;BCG;2015;TLBC3604
12011600;0;NR;2015;1;BCG;2015;TLBC3604
12011716;10;V ;2014;1;BCG;2015;TLBC3604
12011874;0;NR;2015;1;BCG;2015;TLBC3604
12012558;2.5   ;NR;2015;1;BCG;2015;TLBC3604
13010797;5.05  ;NV;2015;2;BCG;2015;TLBC3604
13011474;;;;;BCG;2015;TLBC3604
13012310;8;NV;2015;2;BCG;2015;TLBC3604
13012505;9;AC;2015;2;BCG;2015;TLBC3604
13012803;0;NR;2015;1;BCG;2015;TLBC3604
13013094;;;;;BCG;2015;TLBC3604
13013235;11.4  ;V ;2014;1;BCG;2015;TLBC3604
13013968;5.35  ;NV;2015;2;BCG;2015;TLBC3604
13014293;13.6  ;V ;2015;1;BCG;2015;TLBC3604
13014984;;;;;BCG;2015;TLBC3604
14000020;13.1  ;V ;2015;1;BCG;2015;TLBC3604
14000067;;;;;BCG;2015;TLBC3604
14000103;10;V ;2015;2;BCG;2015;TLBC3604
14000140;;;;;BCG;2015;TLBC3604
14000181;8;NV;2015;2;BCG;2015;TLBC3604
14000230;;;;;BCG;2015;TLBC3604
14000288;;;;;BCG;2015;TLBC3604
14000318;10;V ;2015;2;BCG;2015;TLBC3604
14000353;;;;;BCG;2015;TLBC3604
14000402;;;;;BCG;2015;TLBC3604
14000426;11.4  ;V ;2015;1;BCG;2015;TLBC3604
14000481;;;;;BCG;2015;TLBC3604
14000593;10;V ;2015;1;BCG;2015;TLBC3604
14000700;;;;;BCG;2015;TLBC3604
14001236;;;;;BCG;2015;TLBC3604
14001652;11.6  ;V ;2015;1;BCG;2015;TLBC3604
14002050;;;;;BCG;2015;TLBC3604
14003296;9.25  ;AC;2015;2;BCG;2015;TLBC3604
14005238;12.9  ;V ;2015;1;BCG;2015;TLBC3604
14005967;13;V ;2015;1;BCG;2015;TLBC3604
14006560;11.75 ;V ;2015;1;BCG;2015;TLBC3604
11012827;11.4  ;V ;2015;1;BCG;2015;TLBC4104
12008132;;;;;BCG;2015;TLBC4104
12011178;;;;;BCG;2015;TLBC4104
12011566;0;NR;2015;1;BCG;2015;TLBC4104
12011667;10;V ;2015;2;BCG;2015;TLBC4104
12011809;0;NR;2015;1;BCG;2015;TLBC4104
12012361;2;NR;2015;1;BCG;2015;TLBC4104
13010014;11.6  ;V ;2015;1;BCG;2015;TLBC4104
13011379;13;V ;2015;1;BCG;2015;TLBC4104
13012249;14.2  ;V ;2015;1;BCG;2015;TLBC4104
13012424;;;;;BCG;2015;TLBC4104
13012711;;;;;BCG;2015;TLBC4104
13012975;5.6   ;NV;2015;2;BCG;2015;TLBC4104
13013160;;;;;BCG;2015;TLBC4104
13013696;6.6   ;NV;2015;2;BCG;2015;TLBC4104
13014136;;;;;BCG;2015;TLBC4104
13014678;2;NR;2015;1;BCG;2015;TLBC4104
14000010;;;;;BCG;2015;TLBC4104
14000034;9.2   ;AC;2015;2;BCG;2015;TLBC4104
14000083;10;V ;2015;1;BCG;2015;TLBC4104
14000132;;;;;BCG;2015;TLBC4104
14000161;;;;;BCG;2015;TLBC4104
14000219;8.2   ;AC;2015;2;BCG;2015;TLBC4104
14000261;10.6  ;V ;2015;1;BCG;2015;TLBC4104
14000308;;;;;BCG;2015;TLBC4104
14000335;;;;;BCG;2015;TLBC4104
14000384;11;V ;2015;1;BCG;2015;TLBC4104
14000417;;;;;BCG;2015;TLBC4104
14000470;0;NR;2015;1;BCG;2015;TLBC4104
14000519;1.8   ;NR;2015;1;BCG;2015;TLBC4104
14000692;5.8   ;NV;2015;2;BCG;2015;TLBC4104
14000845;;;;;BCG;2015;TLBC4104
14001611;;;;;BCG;2015;TLBC4104
14001969;12;V ;2015;1;BCG;2015;TLBC4104
14003081;;;;;BCG;2015;TLBC4104
14005201;14.6  ;V ;2015;1;BCG;2015;TLBC4104
14005962;;;;;BCG;2015;TLBC4104
14006172;11;V ;2015;1;BCG;2015;TLBC4104
10048743;0;NR;2015;1;BCG;2015;TLBC4404
12006411;;;;;BCG;2015;TLBC4404
12011128;0;NR;2015;1;BCG;2015;TLBC4404
12011382;;;;;BCG;2015;TLBC4404
12011644;13.25 ;V ;2015;1;BCG;2015;TLBC4404
12011785;10;V ;2014;2;BCG;2015;TLBC4404
12011940;11.875;V ;2015;1;BCG;2015;TLBC4404
12012775;10;V ;2014;2;BCG;2015;TLBC4404
13011263;10;V ;2015;1;BCG;2015;TLBC4404
13012055;12;V ;2015;1;BCG;2015;TLBC4404
13012363;7;NV;2015;2;BCG;2015;TLBC4404
13012558;13.75 ;V ;2015;1;BCG;2015;TLBC4404
13012911;15.5  ;V ;2015;1;BCG;2015;TLBC4404
13013124;;;;;BCG;2015;TLBC4404
13013652;;;;;BCG;2015;TLBC4404
13014089;12.5  ;V ;2015;1;BCG;2015;TLBC4404
13014380;0;NR;2015;1;BCG;2015;TLBC4404
13016482;;;;;BCG;2015;TLBC4404
14000025;17.25 ;V ;2015;1;BCG;2015;TLBC4404
14000075;;;;;BCG;2015;TLBC4404
14000120;17.875;V ;2015;1;BCG;2015;TLBC4404
14000146;11.5  ;V ;2015;1;BCG;2015;TLBC4404
14000206;10.25 ;V ;2015;1;BCG;2015;TLBC4404
14000243;;;;;BCG;2015;TLBC4404
14000300;;;;;BCG;2015;TLBC4404
14000328;17.375;V ;2015;1;BCG;2015;TLBC4404
14000372;;;;;BCG;2015;TLBC4404
14000407;;;;;BCG;2015;TLBC4404
14000458;14.25 ;V ;2015;1;BCG;2015;TLBC4404
14000507;5.5   ;NV;2015;2;BCG;2015;TLBC4404
14000636;;;;;BCG;2015;TLBC4404
14000791;16.25 ;V ;2015;1;BCG;2015;TLBC4404
14001596;;;;;BCG;2015;TLBC4404
14001657;;;;;BCG;2015;TLBC4404
14002331;11;V ;2015;1;BCG;2015;TLBC4404
14004961;17;V ;2015;1;BCG;2015;TLBC4404
14005654;0;NR;2015;1;BCG;2015;TLBC4404
14006140;;;;;BCG;2015;TLBC4404
14007110;16.5  ;V ;2015;1;BCG;2015;TLBC4404
11010373;;;;;BCG;2015;TLBC4504
12006494;;;;;BCG;2015;TLBC4504
12011130;;;;;BCG;2015;TLBC4504
12011530;13.38 ;V ;2014;1;BCG;2015;TLBC4504
12011662;;;;;BCG;2015;TLBC4504
12011786;12;V ;2015;1;BCG;2015;TLBC4504
12011960;;;;;BCG;2015;TLBC4504
12012777;12.5  ;V ;2014;1;BCG;2015;TLBC4504
13011265;0;NR;2015;1;BCG;2015;TLBC4504
13012136;11.125;V ;2015;1;BCG;2015;TLBC4504
13012387;10.125;V ;2015;1;BCG;2015;TLBC4504
13012564;13;V ;2015;1;BCG;2015;TLBC4504
13012939;;;;;BCG;2015;TLBC4504
13013130;10;V ;2015;2;BCG;2015;TLBC4504
13013661;10.75 ;V ;2014;1;BCG;2015;TLBC4504
13014092;0;NR;2015;1;BCG;2015;TLBC4504
13014462;12.875;V ;2015;1;BCG;2015;TLBC4504
13016884;;;;;BCG;2015;TLBC4504
14000026;16;V ;2015;1;BCG;2015;TLBC4504
14000076;13.625;V ;2015;1;BCG;2015;TLBC4504
14000123;;;;;BCG;2015;TLBC4504
14000147;17.625;V ;2015;1;BCG;2015;TLBC4504
14000209;10;V ;2015;1;BCG;2015;TLBC4504
14000244;10;V ;2015;1;BCG;2015;TLBC4504
14000301;;;;;BCG;2015;TLBC4504
14000330;14.5  ;V ;2015;1;BCG;2015;TLBC4504
14000374;10 625;V ;2015;1;BCG;2015;TLBC4504
14000409;10;V ;2015;1;BCG;2015;TLBC4504
14000463;;;;;BCG;2015;TLBC4504
14000510;0;NR;2015;1;BCG;2015;TLBC4504
14000649;11.5  ;V ;2015;1;BCG;2015;TLBC4504
14000792;;;;;BCG;2015;TLBC4504
14001602;;;;;BCG;2015;TLBC4504
14001658;10;V ;2015;1;BCG;2015;TLBC4504
14002435;;;;;BCG;2015;TLBC4504
14004997;;;;;BCG;2015;TLBC4504
14005745;10;V ;2014;2;BCG;2015;TLBC4504
14006141;;;;;BCG;2015;TLBC4504
14007228;6.375;NV;2015;2;BCG;2015;TLBC4504
11012566;11.688;V ;2013;1;BCG;2015;TLBC3104
12007338;0;NR;2015;1;BCG;2015;TLBC3104
12011156;0;NR;2015;1;BCG;2015;TLBC3104
12011549;0;NR;2015;1;BCG;2015;TLBC3104
12011666;7.5   ;NV;2015;2;BCG;2015;TLBC3104
12011806;13.25 ;V ;2013;1;BCG;2015;TLBC3104
12012359;15.375;V ;2015;1;BCG;2015;TLBC3104
12012900;10;V ;2014;1;BCG;2015;TLBC3104
13011318;10;V ;2014;1;BCG;2015;TLBC3104
13012223;12.625;V ;2015;1;BCG;2015;TLBC3104
13012397;8.875;NV;2015;2;BCG;2015;TLBC3104
13012707;;;;;BCG;2015;TLBC3104
13012967;4;NR;2015;1;BCG;2015;TLBC3104
13013159;;;;;BCG;2015;TLBC3104
13013695;8.25  ;NV;2015;2;BCG;2015;TLBC3104
13014121;;;;;BCG;2015;TLBC3104
13014473;0;NR;2015;1;BCG;2015;TLBC3104
14000007;16.5  ;V ;2015;1;BCG;2015;TLBC3104
14000028;14.375;V ;2015;1;BCG;2015;TLBC3104
14000081;12.5  ;V ;2015;1;BCG;2015;TLBC3104
14000130;6;NV;2015;2;BCG;2015;TLBC3104
14000150;8.5   ;NV;2015;2;BCG;2015;TLBC3104
14000216;10;V ;2015;2;BCG;2015;TLBC3104
14000253;14.75 ;V ;2015;1;BCG;2015;TLBC3104
14000306;7;NV;2015;2;BCG;2015;TLBC3104
14000332;11.75 ;V ;2015;1;BCG;2015;TLBC3104
14000380;;;;;BCG;2015;TLBC3104
14000415;6.75  ;NV;2015;2;BCG;2015;TLBC3104
14000468;11.375;V ;2015;1;BCG;2015;TLBC3104
14000516;13;V ;2015;1;BCG;2015;TLBC3104
14000689;5.75  ;NV;2015;2;BCG;2015;TLBC3104
14000796;;;;;BCG;2015;TLBC3104
14001604;;;;;BCG;2015;TLBC3104
14001936;12.25 ;V ;2015;1;BCG;2015;TLBC3104
14002981;8;NV;2015;2;BCG;2015;TLBC3104
14005055;0;NR;2015;1;BCG;2015;TLBC3104
14005961;12.125;V ;2015;1;BCG;2015;TLBC3104
14006171;10;V ;2015;2;BCG;2015;TLBC3104
;;;;;BCG;2015;TLBC3104
10048675;;;;;BCG;2015;TLBC4204
12005831;10;V ;2015;1;BCG;2015;TLBC4204
12011115;0;NR;2015;1;BCG;2015;TLBC4204
12011373;8;AC;2015;2;BCG;2015;TLBC4204
12011628;10;V ;2015;2;BCG;2015;TLBC4204
12011743;;;;;BCG;2015;TLBC4204
12011899;2.875;NR;2015;1;BCG;2015;TLBC4204
12012676;7;NV;2015;2;BCG;2015;TLBC4204
13011190;14.75 ;V ;2015;1;BCG;2015;TLBC4204
13012011;10.5  ;V ;2015;1;BCG;2015;TLBC4204
13012339;10;V ;2015;1;BCG;2015;TLBC4204
13012527;7.5   ;NV;2015;2;BCG;2015;TLBC4204
13012808;10;V ;2015;2;BCG;2015;TLBC4204
13013107;0;NR;2015;1;BCG;2015;TLBC4204
13013443;2;NR;2015;1;BCG;2015;TLBC4204
13013976;;;;;BCG;2015;TLBC4204
13014363;;;;;BCG;2015;TLBC4204
13014995;0;NR;2015;1;BCG;2015;TLBC4204
14000023;13.875;V ;2015;1;BCG;2015;TLBC4204
14000070;0;NR;2015;1;BCG;2015;TLBC4204
14000117;12.5  ;V ;2015;1;BCG;2015;TLBC4204
14000143;8.25  ;AC;2015;2;BCG;2015;TLBC4204
14000189;8.5   ;NV;2015;2;BCG;2015;TLBC4204
14000237;12.625;V ;2015;1;BCG;2015;TLBC4204
14000297;2.25  ;NR;2015;1;BCG;2015;TLBC4204
14000324;8.5   ;NV;2015;2;BCG;2015;TLBC4204
14000364;13.625;V ;2015;1;BCG;2015;TLBC4204
14000404;12;V ;2015;1;BCG;2015;TLBC4204
14000450;12.5  ;V ;2015;1;BCG;2015;TLBC4204
14000487;;;;;BCG;2015;TLBC4204
14000602;11.875;V ;2015;1;BCG;2015;TLBC4204
14000787;5.5   ;NV;2015;2;BCG;2015;TLBC4204
14001434;12.875;V ;2015;1;BCG;2015;TLBC4204
14001655;11.375;V ;2015;1;BCG;2015;TLBC4204
14002262;7.5   ;AC;2015;2;BCG;2015;TLBC4204
14004681;10.25 ;V ;2015;1;BCG;2015;TLBC4204
14005397;10;V ;2015;2;BCG;2015;TLBC4204
14005974;11.5  ;V ;2015;1;BCG;2015;TLBC4204
14006702;13.25 ;V ;2015;1;BCG;2015;TLBC4204
11011713;0;NR;2015;1;BCG;2015;TLBC4604
12006798;10.75 ;V ;2014;1;BCG;2015;TLBC4604
12011135;0;NR;2015;1;BCG;2015;TLBC4604
12011539;11.5  ;V ;2014;1;BCG;2015;TLBC4604
12011664;0;NR;2015;1;BCG;2015;TLBC4604
12011789;10;V ;2014;1;BCG;2015;TLBC4604
12012355;10;V ;2015;2;BCG;2015;TLBC4604
12012899;0;NR;2015;1;BCG;2015;TLBC4604
13011269;14;V ;2014;1;BCG;2015;TLBC4604
13012156;0;NR;2015;1;BCG;2015;TLBC4604
13012396;10;V ;2014;1;BCG;2015;TLBC4604
13012646;13.75 ;V ;2014;1;BCG;2015;TLBC4604
13012949;10;V ;2014;1;BCG;2015;TLBC4604
13013139;11.5  ;V ;2014;1;BCG;2015;TLBC4604
13013684;0;NR;2015;1;BCG;2015;TLBC4604
13014113;10;V ;2015;1;BCG;2015;TLBC4604
13014463;12;V ;2014;1;BCG;2015;TLBC4604
13018251;;;;;BCG;2015;TLBC4604
14000027;17;V ;2015;1;BCG;2015;TLBC4604
14000077;14.8  ;V ;2015;1;BCG;2015;TLBC4604
14000126;13.75 ;V ;2015;1;BCG;2015;TLBC4604
14000149;15.25 ;V ;2015;1;BCG;2015;TLBC4604
14000212;12 125;V ;2015;1;BCG;2015;TLBC4604
14000249;12 875;V ;2015;1;BCG;2015;TLBC4604
14000305;10;V ;2015;2;BCG;2015;TLBC4604
14000331;10.75 ;V ;2015;1;BCG;2015;TLBC4604
14000376;15.5  ;V ;2015;1;BCG;2015;TLBC4604
14000413;16;V ;2015;1;BCG;2015;TLBC4604
14000466;14;V ;2015;1;BCG;2015;TLBC4604
14000514;0;NR;2015;1;BCG;2015;TLBC4604
14000684;13 125;V ;2015;1;BCG;2015;TLBC4604
14000793;10;V ;2015;1;BCG;2015;TLBC4604
14001601;0;NR;2015;1;BCG;2015;TLBC4604
14001838;0;NR;2015;1;BCG;2015;TLBC4604
14002474;1.25  ;NR;2015;1;BCG;2015;TLBC4604
14005004;;;;;BCG;2015;TLBC4604
14005846;0;NR;2015;1;BCG;2015;TLBC4604
14006142;14.75 ;V ;2015;1;BCG;2015;TLBC4604
15007453;0;NR;2015;1;BCG;2015;TLBC4604
10009488;0;NR;1;2015;BCG;2015;LBC3304
11013286;0;NR;1;2015;BCG;2015;LBC3304
12011050;10.2  ;V ;1;2014;BCG;2015;LBC3304
12011212;0;NR;1;2015;BCG;2015;LBC3304
12011595;;;;;BCG;2015;LBC3304
12011694;0;NR;1;2015;BCG;2015;LBC3304
12011867;0;NR;1;2015;BCG;2015;LBC3304
12012449;11.25 ;V ;1;2014;BCG;2015;LBC3304
13010028;10;V ;1;2015;BCG;2015;LBC3304
13011439;7;AC;2;2015;BCG;2015;LBC3304
13012297;10;V ;2;2014;BCG;2015;LBC3304
13012475;;;;;BCG;2015;LBC3304
13012783;10;V ;2;2015;BCG;2015;LBC3304
13013056;10.4  ;V ;1;2014;BCG;2015;LBC3304
13013185;;;;;BCG;2015;LBC3304
13013843;;;;;BCG;2015;LBC3304
13014235;11;V ;1;2015;BCG;2015;LBC3304
13014755;10;V ;2;2014;BCG;2015;LBC3304
14000018;10;V ;1;2015;BCG;2015;LBC3304
14000062;;;;;BCG;2015;LBC3304
14000096;8.9   ;AC;2;2015;BCG;2015;LBC3304
14000136;3.95  ;NR;1;2015;BCG;2015;LBC3304
14000171;13.7  ;V ;1;2015;BCG;2015;LBC3304
14000225;7.4   ;AC;2;2015;BCG;2015;LBC3304
14000270;;;;;BCG;2015;LBC3304
14000313;9;NV;2;2015;BCG;2015;LBC3304
14000338;10;V ;2;2015;BCG;2015;LBC3304
14000394;3.8   ;NR;1;2015;BCG;2015;LBC3304
14000421;;;;;BCG;2015;LBC3304
14000475;;;;;BCG;2015;LBC3304
14000582;13.95 ;V ;1;2015;BCG;2015;LBC3304
14000698;3.6   ;NR;1;2015;BCG;2015;LBC3304
14001010;10;V ;2;2015;BCG;2015;LBC3304
14001648;11.8  ;V ;1;2015;BCG;2015;LBC3304
14002043;10.9  ;V ;1;2015;BCG;2015;LBC3304
14003240;10.9  ;V ;1;2015;BCG;2015;LBC3304
14005216;10;V ;2;2015;BCG;2015;LBC3304
14005965;11.9  ;V ;1;2015;BCG;2015;LBC3304
14006204;;;;;BCG;2015;LBC3304
10048740;0;NR;2015;1;BCG;2015;TLBC4304
12006095;0;NR;2015;1;BCG;2015;TLBC4304
12011118;3.75  ;NR;2015;1;BCG;2015;TLBC4304
12011378;2.65  ;NR;2015;1;BCG;2015;TLBC4304
12011635;12;V ;2015;1;BCG;2015;TLBC4304
12011780;7;AC;2015;2;BCG;2015;TLBC4304
12011925;;;;;BCG;2015;TLBC4304
12012772;10;V ;2014;2;BCG;2015;TLBC4304
13011225;10;V ;2015;2;BCG;2015;TLBC4304
13012015;11.85 ;V ;2015;1;BCG;2015;TLBC4304
13012358;10;V ;2014;2;BCG;2015;TLBC4304
13012547;0;NR;2015;1;BCG;2015;TLBC4304
13012823;15.375;V ;2015;1;BCG;2015;TLBC4304
13013123;10.075;V ;2015;1;BCG;2015;TLBC4304
13013531;;;;;BCG;2015;TLBC4304
13013999;10;V ;2015;2;BCG;2015;TLBC4304
13014366;12.525;V ;2015;1;BCG;2015;TLBC4304
13015767;2.475;NR;2015;1;BCG;2015;TLBC4304
14000024;15;V ;2015;1;BCG;2015;TLBC4304
14000071;17.975;V ;2015;1;BCG;2015;TLBC4304
14000118;11.5  ;V ;2015;1;BCG;2015;TLBC4304
14000144;0;NR;2015;1;BCG;2015;TLBC4304
14000195;11.9  ;V ;2015;1;BCG;2015;TLBC4304
14000241;4;NR;2015;1;BCG;2015;TLBC4304
14000299;0;NR;2015;1;BCG;2015;TLBC4304
14000327;0;NR;2015;1;BCG;2015;TLBC4304
14000368;6.225;NV;2015;2;BCG;2015;TLBC4304
14000408;;;;;BCG;2015;TLBC4304
14000454;10;V ;2015;2;BCG;2015;TLBC4304
14000503;6.25  ;NV;2015;2;BCG;2015;TLBC4304
14000611;15.125;V ;2015;1;BCG;2015;TLBC4304
14000790;;;;;BCG;2015;TLBC4304
14001585;11.35 ;V ;2015;1;BCG;2015;TLBC4304
14001656;10.5  ;V ;2015;1;BCG;2015;TLBC4304
14002310;;;;;BCG;2015;TLBC4304
14004791;15.7  ;V ;2015;1;BCG;2015;TLBC4304
14005642;9.6   ;NV;2015;2;BCG;2015;TLBC4304
14006137;16.1  ;V ;2015;1;BCG;2015;TLBC4304
14007105;;;;;BCG;2015;TLBC4304
10048665;10.73 ;V ;2015;1;BCG;2015;TLBC4004
11013303;;;2015;1;BCG;2015;TLBC4004
12011101;;;2015;1;BCG;2015;TLBC4004
12011361;6 613;NV;2015;2;BCG;2015;TLBC4004
12011618;;;2015;1;BCG;2015;TLBC4004
12011726;8.8   ;NV;2015;2;BCG;2015;TLBC4004
12011898;;;2015;1;BCG;2015;TLBC4004
12012559;6.542;NV;2015;2;BCG;2015;TLBC4004
13011117;0;NV;2015;2;BCG;2015;TLBC4004
13011494;12.963;V ;2015;1;BCG;2015;TLBC4004
13012324;6.742;NV;2015;2;BCG;2015;TLBC4004
13012523;;;2015;1;BCG;2015;TLBC4004
13012807;;;2015;1;BCG;2015;TLBC4004
13013098;13.496;V ;2015;2;BCG;2015;TLBC4004
13013278;;;2015;1;BCG;2015;TLBC4004
13013972;;;2015;1;BCG;2015;TLBC4004
13014308;11.929;V ;2015;2;BCG;2015;TLBC4004
13014993;9.017;NV;2015;2;BCG;2015;TLBC4004
14000022;0;NV;2015;2;BCG;2015;TLBC4004
14000068;10.421;V ;2015;2;BCG;2015;TLBC4004
14000106;0;NV;2015;2;BCG;2015;TLBC4004
14000141;12.946;V ;2015;1;BCG;2015;TLBC4004
14000183;;;2015;1;BCG;2015;TLBC4004
14000238;;;2015;1;BCG;2015;TLBC4004
14000291;;;2015;1;BCG;2015;TLBC4004
14000320;9 629;NV;2015;2;BCG;2015;TLBC4004
14000361;;;2015;1;BCG;2015;TLBC4004
14000405;12.879;V ;2015;1;BCG;2015;TLBC4004
14000441;11.538;NV;2015;2;BCG;2015;TLBC4004
14000484;;;2015;1;BCG;2015;TLBC4004
14000596;;;2015;1;BCG;2015;TLBC4004
14000785;13.283;V ;2015;1;BCG;2015;TLBC4004
14001374;;;2015;1;BCG;2015;TLBC4004
14001653;15.546;V ;2015;1;BCG;2015;TLBC4004
14002202;;;2015;1;BCG;2015;TLBC4004
14003314;13.271;V ;2015;1;BCG;2015;TLBC4004
14005261;11.038;V ;2015;1;BCG;2015;TLBC4004
14005973;16.525;V ;2015;1;BCG;2015;TLBC4004
14006561;14.117;V ;2015;2;BCG;2015;TLBC4004
