COD_ETU;Note : TLGE1104;Résultat : TLGE1104;Session : TLGE1104;Année : TLGE1104;Note : TLGE1204;Résultat : TLGE1204;Session : TLGE1204;Année : TLGE1204;Note : TLGE1304;Résultat : TLGE1304;Session : TLGE1304;Année : TLGE1304;Note : TLGE1404;Résultat : TLGE1404;Session : TLGE1404;Année : TLGE1404;Note : TLGE1504;Résultat : TLGE1504;Session : TLGE1504;Année : TLGE1504;Note : TLGE1604;Résultat : TLGE1604;Session : TLGE1604;Année : TLGE1604;Note : TLGE1004;Résultat : TLGE1004;Session : TLGE1004;Année : TLGE1004;Note : TLGE2104;Résultat : TLGE2104;Session : TLGE2104;Année : TLGE2104;Note : TLGE2204;Résultat : TLGE2204;Session : TLGE2204;Année : TLGE2204;Note : TLGE2304;Résultat : TLGE2304;Session : TLGE2304;Année : TLGE2304;Note : TLGE2404;Résultat : TLGE2404;Session : TLGE2404;Année : TLGE2404;Note : TLGE2504;Résultat : TLGE2504;Session : TLGE2504;Année : TLGE2504;Note : TLGE2604;Résultat : TLGE2604;Session : TLGE2604;Année : TLGE2604;Note : TLGE2004;Résultat : TLGE2004;Session : TLGE2004;Année : TLGE2004
10010055;10;V;1;2012;10;V;1;2012;10;V;1;2013;13;V;1;2011;10;V;1;2010;10;V;1;2010;10.75;V;1;2012;10;V;2;2013;10;V;2;2013;10;V;1;2013;13;V;1;2011;5;NV;2;2014;11.1;V;1;2010;9.85;NV;2;2014
10048488;7;AC;2;2013;7;AC;2;2013;;;;;16;V;1;2011;10;V;1;2011;10;V;1;2011;10.75;V;2;2013;10;V;1;2012;10;V;1;2012;1.75;NRA;1;2014;16;V;1;2011;10;V;2;2014;11.75;V;1;2012;9 917;NV;2;2014
10048648;7.5;AC;1;2012;7.5;AC;1;2012;;;;;13;V;1;2011;12.48;V;1;2012;11.7;V;1;2011;11.17;V;1;2012;10;V;2;2014;6.4;NV;2;2014;4;NRA;1;2014;13;V;1;2011;10;V;2;2013;10.5;V;1;2011;8 983;NV;2;2014
10048680;7;AC;2;2013;7;AC;2;2013;;;;;13;V;1;2011;10;V;1;2012;10;V;1;2011;10;V;2;2013;10;V;2;2013;10;V;2;2013;7.25;AC;2;2014;13;V;1;2011;10;V;2;2014;10;V;1;2011;10 042;V;2;2014
10048683;7;AC;2;2013;7;AC;2;2013;;;;;10;V;1;2011;12.6;V;1;2011;10.4;V;1;2011;10;V;2;2013;10;V;1;2013;10;V;1;2013;3.25;NRA;1;2014;10;V;1;2011;10.04;V;1;2012;10;V;1;2011;8 882;NV;2;2014
10048707;7;AC;2;2013;7;AC;2;2013;;;;;10;V;1;2011;12.9;V;1;2012;10.1;V;1;2011;10;V;2;2013;5;NV;2;2014;8;NV;2;2014;2;NRA;1;2014;10;V;1;2011;10;V;2;2014;12;V;1;2014;7 833;NV;2;2014
10048722;8.12;AC;2;2013;8.12;AC;2;2013;;;;;10;V;1;2011;11.88;V;1;2012;10;V;1;2011;10;V;2;2013;5;NV;2;2014;3.6;NRA;1;2014;.5;NRA;1;2014;10;V;1;2011;10;V;2;2014;10;V;1;2011;6 517;NV;2;2014
10048752;10;V;2;2013;10;V;2;2013;;;;;10;V;1;2012;10;V;2;2013;10;V;1;2011;10;V;2;2013;10.05;V;1;2012;10.05;V;1;2012;5;NV;2;2014;10;V;1;2012;5;NV;2;2014;10;V;1;2011;8.35;NV;2;2014
10048754;10;V;2;2014;11.5;V;1;2014;10;V;1;2012;2.25;NRA;1;2014;10.43;V;1;2012;12.15;V;1;2011;9 388;NV;2;2014;10.6;V;1;2013;10.6;V;1;2013;10;V;1;2012;;;;;9.09;AC;2;2013;11.2;V;1;2012;10 223;V;2;2013
11011891;0;NV;1;2014;0;NV;1;2014;10;V;1;2011;0;NV;1;2014;10.25;V;1;2011;13.3;V;1;2012;5 592;NV;2;2014;10;V;1;2012;10;V;1;2012;10;V;1;2011;;;;;10;V;1;2012;15.6;V;1;2011;11.4;V;1;2012
11012531;7;AC;2;2013;7;AC;2;2013;;;;;15.6;V;1;2011;10.68;V;1;2011;11.25;V;1;2011;11 133;V;2;2013;10.1;V;1;2012;10.1;V;1;2012;2;NRA;1;2014;15.6;V;1;2011;4.25;NRA;1;2014;10.95;V;1;2011;8 833;NV;2;2014
11012544;7;AC;2;2013;7;AC;2;2013;;;;;10.5;V;1;2011;11.5;V;1;2011;11;V;1;2011;10;V;2;2013;0;NRA;1;2014;0;NRA;1;2014;0;NRA;1;2014;10.5;V;1;2011;10;V;1;2012;10;V;1;2011;5 083;NV;2;2014
11012552;6.5;NV;2;2014;4.6;NV;1;2014;3.25;NV;1;2014;0;NV;1;2014;10.13;V;1;2011;13.1;V;1;2011;6 263;NV;2;2014;10;V;1;2012;10;V;1;2012;1.75;NRA;1;2014;3.5;NRA;1;2014;8.45;NV;2;2014;15 225;V;1;2011;8 154;NV;2;2014
11012941;9.5;AC;2;2014;8.5;AC;2;2014;10;V;1;2013;10;V;2;2013;12 025;V;1;2013;10.1;V;1;2012;10 021;V;2;2014;11.4;V;1;2014;9;AC;2;2014;10;V;1;2013;10;V;2;2013;10;V;2;2014;11.8;V;1;2012;10 367;V;2;2014
11013302;7 875;NV;2;2014;5.3;NV;2;2014;6.75;NV;2;2014;3.75;NV;1;2014;15.98;V;1;2012;10.1;V;1;2011;8 293;NV;2;2014;10;V;2;2013;10;V;2;2013;2.5;NRA;1;2014;7.3;NV;2;2014;5;NV;2;2014;10.05;V;1;2011;7 475;NV;2;2014
11013318;0;NV;1;2014;0;NV;1;2014;10;V;1;2011;0;NV;1;2014;10.5;V;1;2011;0;NV;1;2014;3 417;NV;2;2014;0;NRA;1;2014;0;NRA;1;2014;10;V;1;2011;0;NRA;1;2014;0;NRA;1;2014;0;NRA;1;2014;1 667;NV;2;2014
11013346;8.37;AC;1;2012;8.37;AC;1;2012;10;V;2;2013;12.5;V;1;2011;11;V;1;2011;10.8;V;1;2011;10 668;V;1;2012;11.6;V;1;2013;11.6;V;1;2013;10;V;2;2013;12.5;V;1;2011;5;NV;2;2014;11.95;V;1;2011;10 442;NV;2;2014
11013349;7;AC;2;2013;7;AC;2;2013;;;;;10.29;V;1;2011;15.5;V;1;2013;12.2;V;1;2011;11 248;V;2;2013;10;V;1;2012;10;V;1;2012;1;NRA;1;2014;10.29;V;1;2011;5.95;NV;2;2014;10.7;V;1;2011;7.99;NV;2;2014
11013510;10;V;1;2012;10;V;1;2012;;;;;10;V;1;2011;10;V;1;2012;11;V;1;2011;10.25;V;1;2012;10;V;2;2013;10;V;2;2013;2;NRA;1;2014;10;V;1;2011;10;V;1;2012;11.25;V;1;2011;8 875;NV;2;2014
11013773;7.3;AC;2;2013;7.3;AC;2;2013;7;AC;2;2013;10;V;2;2013;12 175;V;1;2013;10.8;V;1;2012;;;1;2014;10;V;1;2012;10;V;1;2012;7;AC;2;2013;10;V;2;2013;10.02;V;1;2012;13;V;1;2013;;;1;2014
11013811;12.1;V;1;2013;12.1;V;1;2013;12.5;V;1;2013;10;V;1;2012;10.99;V;1;2011;10.55;V;1;2011;;;1;2014;12 213;V;1;2013;12 213;V;1;2013;12.5;V;1;2013;10;V;1;2012;11.94;V;1;2013;11.1;V;1;2011;;;1;2014
12009157;10;V;1;2012;10;V;1;2012;;;;;10.25;V;1;2012;13.95;V;1;2012;12.7;V;1;2012;11 725;V;1;2012;0;NRA;1;2014;0;NRA;1;2014;0;NRA;1;2014;10.25;V;1;2012;0;NRA;1;2014;10.3;V;1;2012;3 425;NV;2;2014
12010889;9.8;AC;2;2014;11.15;V;1;2014;7.5;AC;2;2014;9.5;AC;2;2014;10 375;V;1;2013;12.25;V;1;2013;10 096;V;2;2014;10;V;1;2013;10;V;1;2013;1;NRA;1;2014;9;NV;2;2014;10;V;2;2013;12;V;1;2013;8 667;NV;2;2014
12011019;10;V;1;2012;10;V;1;2012;11;V;1;2013;7;AC;2;2014;10.4;V;1;2012;13.75;V;1;2012;10 358;V;2;2014;10.2;V;1;2013;10.2;V;1;2013;11;V;1;2013;8;AC;2;2014;7.2;AC;2;2014;14.4;V;1;2012;10 167;V;2;2014
12011023;0;NV;1;2014;0;NV;1;2014;0;NV;1;2014;0;NV;1;2014;10;V;1;2012;13.55;V;1;2012;3 925;NV;2;2014;10;V;1;2012;10;V;1;2012;0;NRA;1;2014;0;NRA;1;2014;10;V;1;2012;13.4;V;1;2012;7 233;NV;2;2014
12011025;0;NV;1;2014;0;NV;1;2014;0;NV;1;2014;0;NV;1;2014;0;NV;1;2014;12.3;V;1;2012;2.05;NV;2;2014;10;V;1;2012;10;V;1;2012;0;NRA;1;2014;0;NRA;1;2014;10.04;V;1;2012;11;V;1;2012;6.84;NV;2;2014
12011032;10;V;1;2012;10;V;1;2012;;;;;7;AC;1;2012;10.75;V;1;2012;12.7;V;1;2012;10 113;V;1;2012;10;V;1;2012;10;V;1;2012;7;NV;2;2014;7;AC;1;2012;10;V;1;2012;12.1;V;1;2012;9.35;NV;2;2014
12011049;10;V;2;2013;10;V;2;2013;;;;;8.8;AC;2;2013;10;V;1;2013;11.2;V;1;2013;10;V;2;2013;10.05;V;1;2012;10.05;V;1;2012;2.75;NRA;1;2014;8.8;AC;2;2013;5;NV;2;2014;10;V;2;2013;7 775;NV;2;2014
12011056;14;V;1;2013;14;V;1;2013;;;;;10.25;V;1;2013;16.75;V;1;2013;10.2;V;1;2012;12.8;V;1;2013;15.2;V;1;2013;15.2;V;1;2013;3;NRA;1;2014;10.25;V;1;2013;10;V;2;2013;11.8;V;1;2012;10 908;NV;2;2014
12011174;3 968;NV;1;2014;4.65;NV;1;2014;.5;NV;1;2014;.125;NV;1;2014;;NV;2;2014;10;V;1;2012;4 124;NV;1;2014;0;NRA;1;2014;5;NV;2;2014;.5;NRA;1;2014;6.4;NV;2;2014;1;NRA;1;2014;1;NRA;1;2014;2 317;NV;2;2014
12011188;7;AC;2;2013;7;AC;2;2013;;;;;10;V;1;2013;14;V;1;2013;10;V;1;2012;10.25;V;2;2013;10;V;1;2013;10;V;1;2013;2;NRA;1;2014;10;V;1;2013;10;V;2;2013;10;V;1;2012;8 667;NV;2;2014
12011190;7.5;AC;2;2014;9;AC;2;2014;15.75;V;1;2014;10;V;1;2012;12 875;V;1;2013;11.2;V;1;2012;11 054;V;2;2014;10;V;1;2014;9.3;AC;2;2014;10.5;V;1;2014;10;V;1;2012;10;V;1;2012;10.2;V;1;2012;10;V;2;2014
12011202;7;NV;2;2014;3.3;NV;1;2014;2.5;NV;1;2014;2.75;NV;1;2014;13.75;V;1;2013;12.25;V;1;2012;6 925;NV;2;2014;10;V;2;2013;10;V;2;2013;1.75;NRA;1;2014;4.4;NRA;1;2014;10;V;2;2013;10.65;V;1;2012;7.8;NV;2;2014
12011218;7;AC;2;2014;10.8;V;1;2014;10;V;2;2013;12.75;V;1;2013;10;V;1;2013;14;V;1;2013;10 758;V;2;2014;10;V;1;2013;10;V;1;2013;10;V;2;2013;12.75;V;1;2013;10;V;2;2013;12.25;V;1;2013;10 563;V;2;2013
12011232;7.5;AC;2;2013;7.5;AC;2;2013;;;;;9.7;AC;2;2013;15.5;V;1;2013;10.8;V;1;2012;10 875;V;2;2013;10;V;1;2013;10;V;1;2013;10;V;1;2014;9.7;AC;2;2013;10;V;2;2013;10.3;V;1;2012;10;V;2;2014
12011263;10;V;2;2013;10;V;2;2013;10;V;1;2013;7;AC;2;2013;10.5;V;1;2013;12.55;V;1;2013;10 013;V;2;2013;10;V;1;2014;10.8;V;1;2014;10;V;1;2013;9.2;AC;2;2014;10;V;2;2014;10;V;1;2012;10;V;2;2014
12011268;3.11;NV;1;2014;5.45;NV;2;2014;1;NV;1;2014;3;NV;1;2014;13 375;V;1;2013;14.9;V;1;2013;6 806;NV;2;2014;12;V;1;2013;12;V;1;2013;0;NRA;1;2014;7.2;NV;2;2014;10;V;2;2013;14.25;V;1;2013;9 242;NV;2;2014
12011270;5.5;NV;2;2014;0;NV;1;2014;0;NV;1;2014;0;NV;1;2014;0;NV;1;2014;10;V;1;2012;2 583;NV;2;2014;0;NRA;1;2014;0;NRA;1;2014;0;NRA;1;2014;0;NRA;1;2014;0;NRA;1;2014;10;V;1;2012;1 667;NV;2;2014
12011281;10;V;1;2012;10;V;1;2012;7;AC;2;2014;13 125;V;1;2014;10.4;V;1;2012;10.9;V;1;2012;10 238;V;2;2014;11.6;V;1;2013;11.6;V;1;2013;7;AC;2;2014;11.7;V;1;2014;10;V;2;2013;10;V;1;2012;10 317;V;2;2014
12011289;3.51;NV;1;2014;8;NV;2;2014;7;NV;2;2014;6.5;NV;2;2014;10;V;1;2013;13.4;V;1;2013;8 068;NV;2;2014;;;;;6;NV;2;2014;2;NRA;1;2014;2.5;NRA;1;2014;3.5;NRA;1;2014;7;NV;2;2014;5 017;NV;2;2014
12011305;3.11;NV;1;2014;.6;NV;1;2014;.25;NV;1;2014;2.25;NV;1;2014;10.25;V;1;2013;12.6;V;1;2012;4 843;NV;2;2014;10;V;2;2013;10;V;2;2013;0;NRA;1;2014;0;NRA;1;2014;0;NRA;1;2014;0;NRA;1;2014;3 333;NV;2;2014
12011306;7.5;AC;2;2014;10.65;V;1;2014;11;V;1;2014;10;V;1;2014;16;V;1;2012;10;V;1;2012;10 858;V;2;2014;10;V;2;2013;10;V;2;2013;7;NV;2;2014;10;V;2;2014;10;V;2;2014;10;V;1;2012;9.5;NV;2;2014
12011309;4 847;NV;1;2014;7.2;NV;2;2014;10.25;V;1;2014;10;V;1;2012;10.1;V;1;2012;11.5;V;1;2012;8 983;NV;2;2014;10;V;1;2013;10;V;1;2013;5;NV;2;2014;10;V;1;2012;10;V;2;2014;12.6;V;1;2012;9.6;NV;2;2014
12011317;3.7;NV;1;2014;10;V;2;2014;6.5;NV;2;2014;3 125;NV;1;2014;11.65;V;1;2012;10.4;V;1;2012;7 563;NV;2;2014;3.35;NRA;1;2014;10;V;2;2014;2.25;NRA;1;2014;7.2;NV;2;2014;3;NRA;1;2014;10.02;V;1;2013;5.97;NV;2;2014
12011322;8.8;AC;1;2012;8.8;AC;1;2012;8;AC;1;2012;9;AC;1;2012;14.28;V;1;2012;10;V;1;2012;10.52;V;1;2014;9.5;AC;1;2012;9.5;AC;1;2012;8;AC;1;2012;9;AC;1;2012;12.49;V;1;2012;12.4;V;1;2012;10.16;V;1;2014
12011363;8.45;AC;2;2013;8.45;AC;2;2013;;;;;8;AC;1;2013;11;V;1;2013;13.6;V;1;2013;10 263;V;2;2013;10;V;1;2013;10;V;1;2013;10;V;2;2014;8;AC;1;2013;10;V;1;2012;12.2;V;1;2012;10 033;V;2;2014
12011394;4 403;NV;1;2014;8;NV;2;2014;2.25;NV;1;2014;.75;NV;1;2014;11;V;1;2013;10.15;V;1;2012;6 092;NV;2;2014;10;V;2;2013;10;V;2;2013;.5;NRA;1;2014;0;NRA;1;2014;5;NV;2;2014;10.9;V;1;2012;6 067;NV;2;2014
12011399;7.25;NV;2;2014;7;NV;2;2014;10;V;2;2014;10;V;2;2013;11.75;V;1;2013;10.1;V;1;2012;9.35;NV;2;2014;3.75;NRA;1;2014;8;NV;2;2014;3.25;NRA;1;2014;10;V;2;2013;10;V;1;2012;10.75;V;1;2013;7 625;NV;2;2014
12011404;11;V;1;2014;13.35;V;1;2014;10;V;1;2013;10;V;2;2013;10;V;1;2012;12.45;V;1;2013;11 133;V;1;2014;13.4;V;1;2013;13.4;V;1;2013;10;V;1;2013;10;V;2;2013;11.65;V;1;2013;10.6;V;1;2012;11 413;V;1;2013
12011406;4 722;NV;1;2014;8;NV;2;2014;2.5;NV;1;2014;3 125;NV;1;2014;10;V;2;2013;12.8;V;1;2012;6 858;NV;2;2014;11.4;V;1;2013;11.4;V;1;2013;3.25;NRA;1;2014;0;NRA;1;2014;5;NV;2;2014;11.4;V;1;2012;7 075;NV;2;2014
12011407;9.9;AC;2;2013;9.9;AC;2;2013;;;;;7;AC;1;2013;10;V;2;2013;13.1;V;1;2012;10;V;2;2013;10.53;V;1;2012;10.53;V;1;2012;2.5;NRA;1;2014;7;AC;1;2013;10.06;V;1;2012;12.8;V;1;2012;8 903;NV;2;2014
12011543;10 038;V;1;2013;10 038;V;1;2013;10;V;2;2013;7;AC;1;2013;13.5;V;1;2013;16;V;1;2013;11 096;V;2;2014;10.72;V;1;2012;10.72;V;1;2012;10;V;2;2013;7;AC;1;2013;11.18;V;1;2012;13.2;V;1;2012;10.47;V;2;2014
12011683;7;AC;2;2013;7;AC;2;2013;10;V;1;2012;10;V;1;2012;10.8;V;1;2012;13.2;V;1;2013;9 667;NV;2;2014;10;V;1;2012;10;V;1;2012;10;V;1;2012;10;V;1;2012;10;V;2;2013;10;V;1;2012;10;V;1;2014
12011735;10;V;2;2013;10;V;2;2013;8;AC;2;2013;7;AC;2;2013;10.05;V;1;2012;14.6;V;1;2012;;;1;2014;12 513;V;1;2013;12 513;V;1;2013;8;AC;2;2013;7;AC;2;2013;10;V;1;2012;12.7;V;1;2012;;;1;2014
12011815;10 525;V;1;2013;10 525;V;1;2013;10;V;1;2012;10;V;1;2013;14 875;V;1;2013;14;V;1;2012;11 654;V;1;2014;10.05;V;1;2012;10.05;V;1;2012;10;V;1;2012;10;V;1;2013;10;V;1;2012;15;V;1;2012;10.85;V;1;2014
12012002;9.2;AC;2;2013;9.2;AC;2;2013;10;V;1;2013;10;V;1;2012;10;V;1;2012;10.8;V;1;2012;10;V;1;2014;10;V;2;2013;10;V;2;2013;10;V;1;2013;10;V;1;2012;10;V;1;2012;13.75;V;1;2013;10 938;V;1;2014
12012020;7.05;AC;1;2013;7.05;AC;1;2013;11.25;V;1;2013;10;V;2;2013;10;V;1;2012;12.95;V;1;2013;9 717;NV;1;2014;10;V;1;2012;10;V;1;2012;11.25;V;1;2013;10;V;2;2013;10.55;V;1;2013;10.75;V;1;2012;10 425;V;1;2014
12012063;7;AC;1;2013;7;AC;1;2013;10.25;V;1;2013;10;V;1;2012;10.35;V;1;2012;14.8;V;1;2012;;;1;2014;10;V;2;2013;10;V;2;2013;10.25;V;1;2013;10;V;1;2012;8.3;AC;1;2013;13;V;1;2012;;;1;2014
12012076;10 975;V;1;2013;10 975;V;1;2013;11 625;V;1;2013;12;V;1;2013;14.5;V;1;2012;10;V;1;2012;;;1;2014;11 813;V;1;2013;11 813;V;1;2013;11 625;V;1;2013;12;V;1;2013;10.68;V;1;2013;12.7;V;1;2012;;;1;2014
12012165;11.3;V;1;2012;11.3;V;1;2012;10.75;V;1;2013;7.1;AC;1;2013;10;V;1;2012;11.6;V;1;2012;10 342;V;2;2014;10 588;V;1;2013;10 588;V;1;2013;10.75;V;1;2013;7.1;AC;1;2013;11.19;V;1;2013;11.2;V;1;2012;10 236;V;2;2014
12012333;10 175;V;1;2013;10 175;V;1;2013;8.25;AC;2;2013;7;AC;2;2013;10;V;1;2012;13.4;V;1;2012;9 833;NV;1;2014;10.53;V;1;2012;10.53;V;1;2012;8.25;AC;2;2013;7;AC;2;2013;10;V;1;2012;12.4;V;1;2012;9 785;NV;1;2014
12012345;10 725;V;1;2013;10 725;V;1;2013;10;V;2;2013;10;V;2;2013;11.05;V;1;2012;14.8;V;1;2012;;;1;2014;12.05;V;1;2013;12.05;V;1;2013;10;V;2;2013;10;V;2;2013;14.84;V;1;2013;14.45;V;1;2012;;;1;2014
12012717;10;V;1;2012;10;V;1;2012;12.75;V;1;2012;10.25;V;1;2012;14.7;V;1;2012;12.4;V;1;2012;11 838;V;1;2014;10 925;V;1;2012;10 925;V;1;2012;12.75;V;1;2012;10.25;V;1;2012;11.79;V;1;2012;13.8;V;1;2012;12 316;V;1;2014
12012919;10;V;1;2012;10;V;1;2012;;;;;7;AC;1;2013;17.38;V;1;2013;14.2;V;1;2012;12 145;V;2;2013;10;V;1;2012;10;V;1;2012;5;NV;2;2014;7;AC;1;2013;;NV;2;2014;14.4;V;1;2012;8 567;NV;1;2014
12012921;8.7;AC;2;2013;8.7;AC;2;2013;;;;;10.5;V;2;2013;10;V;1;2012;13.8;V;1;2012;10.75;V;2;2013;10;V;2;2013;10;V;2;2013;1.25;NRA;1;2014;10.5;V;2;2013;10;V;2;2013;12.5;V;1;2012;9 042;NV;2;2014
12012924;10;V;1;2013;10;V;1;2013;12.25;V;1;2013;8.5;AC;2;2014;10.53;V;1;2012;10;V;1;2012;10 213;V;2;2014;13.4;V;1;2013;13.4;V;1;2013;12.25;V;1;2013;;;;;11.07;V;1;2013;14.8;V;1;2012;12.88;V;1;2013
13010857;13.85;V;1;2013;13.85;V;1;2013;10;V;2;2013;14.75;V;1;2013;11.04;V;1;2013;10.1;V;1;2013;;;1;2014;12.35;V;1;2013;12.35;V;1;2013;10;V;2;2013;14.75;V;1;2013;13.4;V;1;2013;10;V;2;2013;;;1;2014
13010947;11.02;V;1;2013;11.02;V;1;2013;10;V;2;2013;17 125;V;1;2013;7 212;AC;2;2013;12.7;V;1;2013;;;1;2014;12 875;V;1;2013;12 875;V;1;2013;10;V;2;2013;17 125;V;1;2013;15.2;V;1;2013;10;V;2;2013;;;1;2014
13011076;13 175;V;1;2013;13 175;V;1;2013;10;V;2;2013;18 125;V;1;2013;12.79;V;1;2013;15.8;V;1;2013;13 844;V;1;2014;15.05;V;1;2013;15.05;V;1;2013;10;V;2;2013;18 125;V;1;2013;13;V;1;2013;14.28;V;1;2013;14 251;V;1;2014
13012024;10;V;2;2014;11.5;V;1;2014;10;V;2;2013;10;V;1;2014;13.75;V;1;2013;13.8;V;1;2013;11 508;V;2;2014;11.8;V;1;2013;11.8;V;1;2013;10;V;2;2013;;;;;11.33;V;1;2013;10;V;2;2013;10 783;V;2;2013
13012477;8.25;AC;2;2014;8.6;AC;2;2014;10.5;V;1;2014;7;AC;2;2014;15;V;1;2014;14.5;V;1;2013;10 642;V;2;2014;10;V;2;2014;11.5;V;1;2014;7.25;AC;2;2014;13.6;V;1;2014;10;V;2;2014;10;V;2;2013;10 392;V;2;2014
13012497;9;AC;2;2014;10.05;V;1;2014;11.25;V;1;2014;7;AC;2;2014;14.75;V;1;2013;11.45;V;1;2013;10 583;V;2;2014;10.2;V;1;2013;10.2;V;1;2013;10;V;2;2014;6.8;NV;2;2014;10;V;2;2013;12.95;V;1;2013;10 025;NV;2;2014
13012554;11.05;V;1;2013;11.05;V;1;2013;10;V;2;2013;15.75;V;1;2013;10 156;V;1;2013;11.15;V;1;2013;11 526;V;1;2014;12.05;V;1;2013;12.05;V;1;2013;10;V;2;2013;15.75;V;1;2013;13;V;1;2013;10.1;V;1;2013;12 158;V;1;2014
13012804;7.75;AC;2;2014;11.3;V;1;2014;10;V;2;2013;7;AC;2;2014;11 125;V;1;2013;15.15;V;1;2013;10 388;V;2;2014;12.6;V;1;2013;12.6;V;1;2013;10;V;2;2013;11.5;V;1;2014;10;V;2;2014;15.25;V;1;2013;11 992;V;2;2014
13012851;7;AC;2;2014;10;V;1;2014;15.25;V;1;2014;7;AC;2;2014;16.25;V;1;2013;10;V;2;2013;10 917;V;2;2014;10;V;1;2013;10;V;1;2013;10.5;V;1;2014;11.2;V;1;2014;7.8;AC;2;2014;11.85;V;1;2013;10 225;V;2;2014
13012870;7.5;NV;2;2014;7.8;NV;2;2014;7;AC;2;2013;8;NV;2;2014;10 825;V;1;2013;13.95;V;1;2013;9 179;NV;2;2014;12.2;V;1;2013;12.2;V;1;2013;7;AC;2;2013;;;;;10;V;2;2013;13.25;V;1;2013;10 613;V;2;2013
13012878;10;V;1;2014;10.45;V;1;2014;12.5;V;1;2014;7;AC;2;2014;15;V;1;2014;12.1;V;1;2013;11 175;V;2;2014;11.2;V;1;2014;10.2;V;1;2014;9;AC;2;2014;13.4;V;1;2014;10;V;2;2014;10.65;V;1;2013;10 742;V;2;2014
13013001;8.8;AC;2;2013;8.8;AC;2;2013;8.75;AC;2;2013;12.25;V;1;2013;10.21;V;1;2013;10.45;V;1;2013;9 877;NV;1;2014;10 675;V;1;2013;10 675;V;1;2013;8.75;AC;2;2013;12.25;V;1;2013;11.8;V;1;2013;11.7;V;1;2013;10 975;NV;1;2014
13013005;10.05;V;1;2014;10;V;1;2014;9.75;AC;2;2013;7;AC;2;2014;13 125;V;1;2013;10.2;V;1;2013;10 021;V;2;2014;13.8;V;1;2013;13.8;V;1;2013;9.75;AC;2;2013;;;;;10.45;V;1;2013;12.1;V;1;2013;11 525;V;2;2013
13013133;3.31;NV;1;2014;3.55;NV;1;2014;6.5;NV;2;2014;0;NV;1;2014;10 375;V;1;2013;15;V;1;2013;6 456;NV;2;2014;10;V;1;2014;6;NV;2;2014;2;NRA;1;2014;0;NRA;1;2014;5.2;NV;2;2014;12.6;V;1;2013;5 967;NV;2;2014
13013134;6.75;NV;2;2014;10.65;V;1;2014;8.7;AC;2;2013;7;NV;2;2014;10;V;2;2013;10 225;V;1;2013;8 888;NV;2;2014;11;V;1;2013;11;V;1;2013;8.7;AC;2;2013;;;;;10;V;2;2013;10.35;V;1;2013;10 013;V;2;2013
13013137;8.75;AC;2;2014;10.55;V;1;2014;10;V;1;2014;10 625;V;1;2014;18;V;1;2013;12.8;V;1;2013;11 788;V;2;2014;12;V;1;2013;12;V;1;2013;5.25;NV;2;2014;9.3;NV;2;2014;10;V;2;2013;12.85;V;1;2013;10 233;NV;2;2014
13013144;8.95;AC;2;2013;8.95;AC;2;2013;9;AC;2;2013;12.25;V;1;2013;13.14;V;1;2013;13.85;V;1;2013;;;1;2014;13 025;V;1;2013;13 025;V;1;2013;9;AC;2;2013;12.25;V;1;2013;10.3;V;1;2013;12.8;V;1;2013;;;1;2014
13013145;10;V;2;2013;10;V;2;2013;8.5;AC;2;2014;10;V;1;2014;17.5;V;1;2013;13.6;V;1;2013;11.6;V;2;2014;10.6;V;1;2013;10.6;V;1;2013;5.5;NV;2;2014;10;V;2;2014;10;V;2;2013;14.05;V;1;2013;10 125;NV;2;2014
13013146;0;NV;1;2014;0;NV;1;2014;0;NV;1;2014;2.25;NV;1;2014;0;NV;1;2014;0;NV;1;2014;.375;NV;2;2014;3 575;NRA;1;2014;0;NRA;1;2014;0;NRA;1;2014;0;NRA;1;2014;0;NRA;1;2014;0;NRA;1;2014;.596;NV;2;2014
13013152;7;AC;2;2014;11;V;1;2014;8 875;AC;2;2013;10;V;1;2014;10;V;1;2013;13.25;V;1;2013;10 021;V;2;2014;13.2;V;1;2013;13.2;V;1;2013;8 875;AC;2;2013;;;;;10;V;2;2013;13.5;V;1;2013;11 394;V;2;2013
13013161;14 213;V;1;2013;14 213;V;1;2013;12.25;V;1;2013;17 125;V;1;2013;10;V;2;2013;15.5;V;1;2013;13 884;V;1;2014;12.95;V;1;2013;12.95;V;1;2013;12.25;V;1;2013;17 125;V;1;2013;13.6;V;1;2013;15.75;V;1;2013;14 104;V;1;2014
13013162;5.5;NV;2;2014;4.5;NV;1;2014;10;V;2;2013;8;NV;2;2014;10.25;V;1;2014;14;V;1;2013;8 708;NV;2;2014;10;V;2;2013;10;V;2;2013;10;V;2;2013;6;NV;2;2014;7.85;NV;2;2014;13.75;V;1;2013;9.6;NV;2;2014
13013186;9.26;NV;2;2014;7;NV;2;2014;7.5;NV;2;2014;3;NV;1;2014;12 625;V;1;2014;12.25;V;1;2013;8 606;NV;2;2014;3.2;NRA;1;2014;.4;NRA;1;2014;1;NRA;1;2014;0;NRA;1;2014;.33;NRA;1;2014;9.25;NV;2;2014;2 363;NV;2;2014
13013187;4.63;NV;1;2014;7;NV;2;2014;10;V;1;2014;10;V;2;2014;14.5;V;1;2014;4.5;NV;1;2014;8 438;NV;2;2014;11.4;V;1;2013;11.4;V;1;2013;4;NRA;1;2014;12.2;V;1;2014;7 525;NV;2;2014;0;NRA;1;2014;7 754;NV;2;2014
13013290;7.75;NV;2;2014;7;NV;2;2014;7;AC;2;2013;2 375;NV;1;2014;;NV;2;2014;10;V;2;2013;6 471;NV;1;2014;11.4;V;1;2013;11.4;V;1;2013;7;AC;2;2013;;;;;10;V;2;2013;13.6;V;1;2013;10.5;V;2;2013
13013295;9;NV;2;2014;11.2;V;1;2014;6;NV;2;2014;5;NV;2;2014;12 625;V;1;2013;11.75;V;1;2013;9 263;NV;2;2014;10;V;2;2014;10;V;1;2014;2.5;NRA;1;2014;12.7;V;1;2014;10;V;1;2014;12.15;V;1;2013;9 558;NV;2;2014
13013302;0;NV;1;2014;0;NV;1;2014;0;NV;1;2014;0;NV;1;2014;11 625;V;1;2013;14.9;V;1;2013;4 421;NV;2;2014;10;V;1;2013;10;V;1;2013;0;NRA;1;2014;0;NRA;1;2014;10;V;2;2013;16.15;V;1;2013;7 692;NV;2;2014
13013306;2;NV;1;2014;8.5;NV;2;2014;2.5;NV;1;2014;.5;NV;1;2014;;NV;2;2014;13.9;V;1;2013;5 625;NV;1;2014;10;V;1;2013;10;V;1;2013;2.25;NRA;1;2014;3;NRA;1;2014;5;NV;2;2014;14.35;V;1;2013;7 433;NV;2;2014
13013319;12.02;V;1;2014;12.45;V;1;2014;7.4;AC;2;2013;7.5;AC;2;2014;12;V;1;2013;10.1;V;1;2013;10 245;V;2;2014;11.2;V;1;2013;11.2;V;1;2013;7.4;AC;2;2013;;;;;11.3;V;1;2013;10.1;V;1;2013;10;V;2;2013
13013330;10;V;2;2014;10.15;V;1;2014;10;V;2;2013;11 375;V;1;2014;17;V;1;2013;12.55;V;1;2013;11 846;V;2;2014;10;V;1;2013;10;V;1;2013;10;V;2;2013;;;;;10;V;2;2013;13.15;V;1;2013;10 788;V;2;2013
13013345;1 093;NV;1;2014;7;NV;2;2014;10;V;1;2014;2.25;NV;1;2014;;NV;2;2014;10.7;V;1;2013;6 574;NV;1;2014;3.2;NRA;1;2014;6;NV;2;2014;0;NRA;1;2014;0;NRA;1;2014;1.87;NRA;1;2014;0;NRA;1;2014;1 845;NV;2;2014
13013370;5.25;NV;2;2014;6;NV;2;2014;10;V;2;2014;1 625;NV;1;2014;2.5;NV;1;2014;10.1;V;1;2013;5 913;NV;2;2014;10;V;2;2013;10;V;2;2013;3.5;NRA;1;2014;7.8;NV;2;2014;10;V;2;2014;10.85;V;1;2013;8 692;NV;2;2014
13013376;8.25;AC;2;2013;8.25;AC;2;2013;10.25;V;1;2013;17 125;V;1;2013;12 256;V;1;2013;14.55;V;1;2013;11.78;V;2;2014;10;V;2;2013;10;V;2;2013;10.25;V;1;2013;17 125;V;1;2013;14.9;V;1;2013;13.85;V;1;2013;12 688;V;2;2014
13013403;0;NV;1;2014;7;NV;2;2014;2.5;NV;1;2014;0;NV;1;2014;;V;2;2014;4;NV;1;2014;3 792;NV;1;2014;3.5;NRA;1;2014;7.6;NV;2;2014;0;NRA;1;2014;3.6;NRA;1;2014;5;NV;2;2014;10.9;V;1;2013;5.1;NV;2;2014
13013435;4.72;NV;1;2014;1.6;NV;1;2014;5;NV;2;2014;.25;NV;1;2014;;NV;2;2014;10.7;V;1;2013;4 878;NV;1;2014;3.2;NRA;1;2014;7;NV;2;2014;2.25;NRA;1;2014;8;NV;2;2014;3.03;NRA;1;2014;12;V;1;2014;5 913;NV;2;2014
13013449;6.5;NV;2;2014;7;NV;2;2014;3;NV;1;2014;1.5;NV;1;2014;;NV;2;2014;13.7;V;1;2013;5 851;NV;1;2014;10;V;1;2013;10;V;1;2013;2;NRA;1;2014;10;V;2;2014;3.65;NRA;1;2014;11.8;V;1;2013;7 908;NV;2;2014
13013500;7.65;AC;2;2014;9;AC;2;2014;8;AC;2;2014;10;V;1;2014;14 125;V;1;2013;15.3;V;1;2013;10 679;V;2;2014;10;V;1;2013;10;V;1;2013;4;NRA;1;2014;10.1;V;1;2014;10;V;2;2014;11.95;V;1;2013;9 342;NV;2;2014
13013515;10;V;2;2014;7;AC;2;2014;7;AC;2;2014;7.5;AC;2;2014;16 625;V;1;2013;14.4;V;1;2013;10 421;V;2;2014;10;V;1;2013;10;V;1;2013;.5;NRA;1;2014;6;NV;2;2014;3.5;NRA;1;2014;14.5;V;1;2013;7 417;NV;2;2014
13013541;10;V;2;2013;10;V;2;2013;10;V;2;2013;10.5;V;1;2013;10;V;2;2013;12.8;V;1;2013;;;1;2014;11.1;V;1;2013;11.1;V;1;2013;10;V;2;2013;10.5;V;1;2013;10.2;V;1;2013;10;V;2;2013;;;1;2014
13013543;5.75;NV;2;2014;7.5;NV;2;2014;10;V;1;2014;10;V;1;2014;16.5;V;1;2013;14.85;V;1;2013;10 767;NV;2;2014;12.8;V;1;2013;12.8;V;1;2013;3;NRA;1;2014;11.6;V;1;2014;10;V;2;2014;14.1;V;1;2013;10 717;NV;2;2014
13013566;9.05;AC;2;2013;9.05;AC;2;2013;10;V;2;2013;10.75;V;1;2013;11.32;V;1;2013;11.85;V;1;2013;;;1;2014;11.95;V;1;2013;11.95;V;1;2013;10;V;2;2013;10.75;V;1;2013;10;V;2;2013;16.65;V;1;2013;;;1;2014
13013574;9.25;AC;2;2014;12.35;V;1;2014;10;V;1;2014;7;AC;2;2014;11.5;V;1;2013;10;V;2;2013;10 017;V;2;2014;10;V;1;2013;10;V;1;2013;5.25;NV;2;2014;8;NV;2;2014;10;V;2;2013;10.35;V;1;2013;8 933;NV;2;2014
13013573;7;AC;2;2014;9.5;AC;2;2014;8;AC;2;2013;12 125;V;1;2014;14 275;V;1;2013;15.9;V;1;2013;11 133;V;2;2014;11;V;1;2013;11;V;1;2013;8;AC;2;2013;;;;;7.67;AC;2;2013;15.4;V;1;2013;10 518;V;2;2013
13013575;11 875;V;1;2013;11 875;V;1;2013;16.5;V;1;2013;16.5;V;1;2013;15.94;V;1;2013;14.15;V;1;2013;14 473;V;1;2014;12 275;V;1;2013;12 275;V;1;2013;16.5;V;1;2013;16.5;V;1;2013;12.1;V;1;2013;11.4;V;1;2013;13 508;V;1;2014
13013605;7.25;AC;2;2014;8.5;AC;2;2014;10;V;1;2014;8.5;AC;2;2014;11 375;V;1;2013;14.45;V;1;2013;10 013;V;2;2014;10;V;2;2014;10;V;1;2014;2;NRA;1;2014;8.3;NV;2;2014;0;NRA;1;2014;14.7;V;1;2013;7.5;NV;2;2014
13013633;6;NV;2;2014;12.4;V;1;2014;10;V;1;2014;1.75;NV;1;2014;10.5;V;1;2013;15.55;V;1;2013;9 367;NV;2;2014;11.4;V;1;2013;11.4;V;1;2013;3.5;NRA;1;2014;10;V;2;2014;10;V;2;2014;14.8;V;1;2013;10 183;NV;2;2014
13013646;0;NV;1;2014;0;NV;1;2014;0;NV;1;2014;0;NV;1;2014;0;NV;1;2014;0;NV;1;2014;0;NV;2;2014;0;NRA;1;2014;0;NRA;1;2014;0;NRA;1;2014;0;NRA;1;2014;0;NRA;1;2014;0;NRA;1;2014;0;NV;2;2014
13013651;0;NV;1;2014;0;NV;1;2014;0;NV;1;2014;0;NV;1;2014;0;NV;1;2014;0;NV;1;2014;0;NV;2;2014;3.2;NRA;1;2014;0;NRA;1;2014;0;NRA;1;2014;0;NRA;1;2014;0;NRA;1;2014;0;NRA;1;2014;.533;NV;2;2014
13013681;12;V;1;2013;12;V;1;2013;10;V;2;2013;17 375;V;1;2013;11.44;V;1;2013;16.65;V;1;2013;;;1;2014;10.5;V;1;2013;10.5;V;1;2013;10;V;2;2013;17 375;V;1;2013;14.7;V;1;2013;15.5;V;1;2013;;;1;2014
13013689;11.64;V;1;2013;11.64;V;1;2013;9.5;AC;2;2013;15 375;V;1;2013;10;V;2;2013;13.4;V;1;2013;;;1;2014;11.75;V;1;2013;11.75;V;1;2013;9.5;AC;2;2013;15 375;V;1;2013;10.3;V;1;2013;13.63;V;1;2013;;;1;2014
13013691;7.25;NV;2;2014;9.1;NV;2;2014;1.5;NV;1;2014;1.5;NV;1;2014;10;V;2;2013;10.15;V;1;2013;6 583;NV;2;2014;5;NV;2;2014;7;NV;2;2014;3.75;NRA;1;2014;5.1;NV;2;2014;0;NRA;1;2014;10.8;V;1;2013;5 275;NV;2;2014
13013701;8.75;AC;2;2013;8.75;AC;2;2013;;;;;10;V;2;2013;19.5;V;1;2013;12.05;V;1;2013;12 575;V;2;2013;10.4;V;1;2013;10.4;V;1;2013;5;NV;2;2014;10;V;2;2013;10;V;2;2013;10.3;V;1;2013;9.35;NV;2;2014
13013703;2.5;NV;1;2014;0;NV;1;2014;1.25;NV;1;2014;.75;NV;1;2014;3.25;NV;1;2014;13;V;1;2013;3 458;NV;2;2014;0;NRA;1;2014;0;NRA;1;2014;0;NRA;1;2014;0;NRA;1;2014;0;NRA;1;2014;0;NRA;1;2014;0;NV;2;2014
13013722;7;AC;2;2014;10;V;1;2014;8;AC;2;2013;10;V;1;2014;13 125;V;1;2013;11.95;V;1;2013;10 013;V;2;2014;10;V;2;2013;10;V;2;2013;8;AC;2;2013;;;;;10;V;2;2013;12.2;V;1;2013;10.05;V;2;2013
13013839;5.5;NV;2;2014;7;NV;2;2014;9;NV;2;2014;3.25;NV;1;2014;11 375;V;1;2013;10;V;2;2014;7 688;NV;2;2014;0;NRA;1;2014;0;NRA;1;2014;0;NRA;1;2014;0;NRA;1;2014;0;NRA;1;2014;0;NRA;1;2014;0;NV;2;2014
13013841;2 558;NV;1;2014;4.1;NV;1;2014;2.5;NV;1;2014;1;NV;1;2014;16.5;V;1;2014;12.1;V;1;2013;6.46;NV;2;2014;3.2;NRA;1;2014;5.2;NV;2;2014;2;NRA;1;2014;.3;NRA;1;2014;0;NRA;1;2014;10;V;1;2014;3.45;NV;2;2014
13013902;10;V;2;2014;10.05;V;1;2014;10;V;2;2014;7;AC;2;2014;15 625;V;1;2013;12.35;V;1;2013;10 838;V;2;2014;10;V;2;2013;10;V;2;2013;5.5;NV;2;2014;10.8;V;1;2014;10;V;2;2014;10;V;2;2013;9 383;NV;2;2014
13013913;8.25;NV;2;2014;10.05;V;1;2014;11.5;V;1;2014;.25;NV;1;2014;10.25;V;1;2014;11.65;V;1;2013;8 658;NV;2;2014;10;V;2;2014;10.8;V;1;2014;7.5;NV;2;2014;6;NV;2;2014;5.99;NV;2;2014;13.95;V;1;2013;9.04;NV;2;2014
13013925;8;AC;2;2014;10.7;V;1;2014;11;V;1;2014;8.5;AC;2;2014;14 375;V;1;2013;11.15;V;1;2013;10 621;V;2;2014;12.2;V;1;2013;12.2;V;1;2013;14.75;V;1;2014;10;V;1;2014;10;V;2;2013;10.3;V;1;2013;11 575;V;1;2014
13013927;10.2;V;1;2014;10;V;2;2014;10;V;1;2013;1 625;NV;1;2014;10;V;1;2013;15.6;V;1;2013;9 571;NV;2;2014;10.8;V;1;2013;10.8;V;1;2013;10;V;1;2013;;;;;10;V;2;2013;17.1;V;1;2013;11 975;V;2;2013
13013928;8;AC;2;2014;10;V;1;2014;11.5;V;1;2014;8.5;AC;2;2014;10 275;V;1;2013;12.2;V;1;2013;10 079;V;2;2014;10;V;1;2013;10;V;1;2013;5;NV;2;2014;10;V;1;2014;10;V;2;2013;11.15;V;1;2013;9 358;NV;2;2014
13013929;9.25;AC;2;2014;9;AC;2;2014;10;V;2;2013;7;AC;2;2014;12.25;V;1;2013;12.75;V;1;2013;10 042;V;2;2014;11.6;V;1;2013;11.6;V;1;2013;10;V;2;2013;;;;;10;V;2;2013;10;V;1;2013;10.4;V;2;2013
13013931;3 975;NV;1;2014;.3;NV;1;2014;3.25;NV;1;2014;3;NV;1;2014;13 025;V;1;2013;12.65;V;1;2013;6 033;NV;2;2014;0;NRA;1;2014;10;V;1;2014;2.25;NRA;1;2014;2.4;NRA;1;2014;1.3;NRA;1;2014;11;V;1;2013;4 492;NV;2;2014
13013932;6.5;NV;2;2014;7;NV;2;2014;5.5;NV;2;2014;1 625;NV;1;2014;;V;2;2014;13.6;V;1;2013;6 764;NV;1;2014;11.4;V;1;2013;11.4;V;1;2013;2;NRA;1;2014;2.2;NRA;1;2014;6.52;NV;2;2014;14.8;V;1;2013;8 053;NV;2;2014
13013934;8.65;NV;2;2014;11.2;V;1;2014;10;V;1;2014;1 625;NV;1;2014;13.25;V;1;2013;10.15;V;1;2013;9 146;NV;2;2014;10;V;2;2014;10;V;1;2014;7;AC;2;2014;10.8;V;1;2014;10;V;2;2014;12.4;V;1;2013;10 033;V;2;2014
13013935;9.25;AC;2;2014;10.05;V;1;2014;7;AC;2;2014;7;AC;2;2014;16.5;V;1;2014;12.9;V;1;2013;10.45;V;2;2014;10;V;1;2013;10;V;1;2013;3;NRA;1;2014;10;V;2;2014;10;V;2;2014;12.8;V;1;2013;9.3;NV;2;2014
13013936;8.76;AC;2;2014;8.1;AC;2;2014;12.75;V;1;2014;8;AC;2;2014;11 775;V;1;2013;10.65;V;1;2013;10 006;V;2;2014;11;V;1;2013;11;V;1;2013;2.5;NRA;1;2014;10;V;2;2014;10;V;2;2014;10;V;2;2013;9 083;NV;2;2014
13013937;11.06;V;1;2014;7;AC;2;2014;10;V;2;2014;9;AC;2;2014;14.5;V;1;2013;12.6;V;1;2013;10 693;V;2;2014;10.4;V;1;2013;10.4;V;1;2013;2.5;NRA;1;2014;10;V;2;2014;10;V;2;2014;12.9;V;1;2013;9 367;NV;2;2014
13013939;10;V;2;2013;10.1;V;1;2014;9;AC;2;2013;3;NV;1;2014;10;V;2;2013;13.85;V;1;2013;9 325;NV;2;2014;10;V;1;2013;10;V;1;2013;9;AC;2;2013;;;;;10;V;2;2013;15.1;V;1;2013;11 025;V;2;2013
13013940;8.23;NV;2;2014;5.1;NV;2;2014;8.5;NV;2;2014;7 625;NV;2;2014;11.5;V;2;2014;10.25;V;1;2013;8 534;NV;2;2014;12.6;V;1;2013;12.6;V;1;2013;7;AC;2;2014;10;V;2;2014;10;V;2;2013;11.4;V;1;2013;10.6;V;2;2014
13013941;10;V;2;2014;8.35;AC;2;2014;12.25;V;1;2014;9;AC;2;2014;10;V;2;2013;10 425;V;1;2013;10 004;V;2;2014;10;V;1;2013;10;V;1;2013;5;NV;2;2014;10;V;1;2014;10;V;2;2014;10;V;2;2013;9 167;NV;2;2014
13013942;10;V;1;2013;10;V;1;2013;8;AC;2;2013;12.75;V;1;2014;15 275;V;1;2013;14.4;V;1;2013;11 738;V;2;2014;10;V;1;2013;10;V;1;2013;8;AC;2;2013;;;;;11.85;V;1;2013;13.9;V;1;2013;10 938;V;2;2013
13013943;0;NV;1;2014;0;NV;1;2014;0;NV;1;2014;0;NV;1;2014;10;V;2;2013;10.5;V;1;2013;3 417;NV;2;2014;0;NRA;1;2014;0;NRA;1;2014;0;NRA;1;2014;0;NRA;1;2014;0;NRA;1;2014;12.3;V;1;2013;2.05;NV;2;2014
13013944;10;V;2;2014;10;V;1;2014;10;V;2;2014;.125;NV;1;2014;10 175;V;1;2013;17.25;V;1;2013;9 592;NV;2;2014;10;V;1;2013;10;V;1;2013;5;NV;2;2014;11.8;V;1;2014;10;V;2;2014;14.85;V;1;2013;10 275;NV;2;2014
13013945;12.05;V;1;2014;10.15;V;1;2014;10.25;V;1;2014;7;AC;2;2014;11.4;V;1;2013;16.5;V;1;2013;11 225;V;2;2014;10.2;V;1;2013;10.2;V;1;2013;1;NRA;1;2014;10;V;2;2014;10;V;2;2014;15.15;V;1;2013;9 425;NV;2;2014
13013950;9.75;NV;2;2014;10;V;1;2014;8;AC;2;2013;3.25;NV;1;2014;10.78;V;1;2013;10 825;V;1;2013;8 768;NV;2;2014;13.4;V;1;2013;13.4;V;1;2013;8;AC;2;2013;;;;;8.68;AC;2;2013;10;V;1;2013;10.02;V;2;2013
13013958;7;AC;2;2014;10;V;1;2014;9;AC;2;2013;10.5;V;1;2014;18;V;1;2013;17.7;V;1;2013;12 033;V;2;2014;16;V;1;2013;16;V;1;2013;9;AC;2;2013;;;;;11.39;V;1;2013;16.8;V;1;2013;13 298;V;2;2013
13013961;12.66;V;1;2014;10.45;V;1;2014;8.5;AC;2;2013;10;V;1;2014;15 625;V;1;2013;12.6;V;1;2013;11 639;V;2;2014;12.6;V;1;2013;12.6;V;1;2013;8.5;AC;2;2013;;;;;11.09;V;1;2013;11.4;V;1;2013;10 898;V;2;2013
13013967;10.2;V;1;2014;10.85;V;1;2014;14.5;V;1;2013;13.5;V;1;2014;16 625;V;1;2013;10;V;2;2013;12 613;V;1;2014;14.2;V;1;2013;14.2;V;1;2013;14.5;V;1;2013;;;;;12.58;V;1;2013;12;V;1;2013;13.32;V;1;2013
13013986;9.1;AC;2;2013;9.1;AC;2;2013;;;;;8 625;AC;2;2013;15 125;V;1;2013;11.4;V;1;2013;11 063;V;2;2013;10;V;2;2013;10;V;2;2013;0;NRA;1;2014;8 625;AC;2;2013;10;V;2;2013;10.25;V;1;2013;8 146;NV;2;2014
13013992;3 571;NV;1;2014;8.1;NV;2;2014;13.75;V;1;2014;6;NV;2;2014;10.5;V;1;2014;10.5;V;1;2014;8 737;NV;2;2014;10;V;1;2013;10;V;1;2013;8;AC;2;2014;13.1;V;1;2014;10;V;2;2014;10;V;1;2013;10 183;V;2;2014
13014032;0;NV;1;2014;0;NV;1;2014;1.25;NV;1;2014;0;NV;1;2014;0;NV;1;2014;11.4;V;1;2013;2 108;NV;2;2014;0;NRA;1;2014;0;NRA;1;2014;0;NRA;1;2014;0;NRA;1;2014;0;NRA;1;2014;12.5;V;1;2013;2 083;NV;2;2014
13014097;10.3;V;1;2013;10.3;V;1;2013;12.5;V;1;2013;14.75;V;1;2013;11.25;V;1;2013;12.08;V;1;2013;11 863;V;1;2014;11.4;V;1;2013;11.4;V;1;2013;12.5;V;1;2013;14.75;V;1;2013;14.5;V;1;2013;10;V;1;2013;12 425;V;1;2014
13014216;7.5;AC;2;2013;7.5;AC;2;2013;11;V;1;2013;7;AC;2;2013;11.54;V;1;2013;14.1;V;1;2013;10 035;V;1;2014;10;V;2;2013;10;V;2;2013;11;V;1;2013;7;AC;2;2013;11.1;V;1;2013;13.85;V;1;2013;11 488;V;1;2014
13014276;3.26;NV;1;2014;0;NV;1;2014;0;NV;1;2014;0;NV;1;2014;19.5;V;1;2013;13.3;V;1;2013;6.01;NV;2;2014;0;NRA;1;2014;.8;NRA;1;2014;0;NRA;1;2014;0;NRA;1;2014;5.85;NV;2;2014;10.65;V;1;2013;2 883;NV;2;2014
13014299;6.5;NV;2;2014;7;NV;2;2014;.25;NV;1;2014;1 625;NV;1;2014;10.3;V;1;2013;13.15;V;1;2013;6 471;NV;2;2014;3.7;NRA;1;2014;7;NV;2;2014;5;NV;2;2014;4.3;NRA;1;2014;8.95;NV;2;2014;11.7;V;1;2013;6 775;NV;2;2014
13014302;9.5;NV;2;2014;10;V;2;2014;10;V;2;2013;2.75;NV;1;2014;10 525;V;1;2013;11.55;V;1;2013;9 054;NV;2;2014;10.8;V;1;2013;10.8;V;1;2013;10;V;2;2013;;;;;10;V;2;2013;14.3;V;1;2013;11 275;V;2;2013
13014332;6.05;NV;2;2014;7;NV;2;2014;3.25;NRA;1;2014;3.5;NRA;1;2014;14.75;V;1;2013;10.35;V;1;2013;7 483;NV;2;2014;11;V;1;2013;11;V;1;2013;2;NRA;1;2014;8.2;NV;2;2014;10;V;2;2013;14.5;V;1;2013;9.45;NV;2;2014
13014358;11.05;V;1;2014;8.2;AC;2;2014;14.25;V;1;2014;7;AC;2;2014;18;V;1;2013;14.1;V;1;2013;12.1;V;2;2014;10.4;V;1;2013;10.4;V;1;2013;3.25;NRA;1;2014;8.8;NV;2;2014;10;V;2;2014;14.65;V;1;2013;9 583;NV;2;2014
13014364;0;NV;1;2014;0;NV;1;2014;0;NV;1;2014;0;NV;1;2014;0;NV;1;2014;15;V;1;2013;2.5;NV;2;2014;0;NRA;1;2014;0;NRA;1;2014;1;NRA;1;2014;0;NRA;1;2014;0;NRA;1;2014;0;NRA;1;2014;.167;NV;2;2014
13014481;10.06;V;1;2014;7.1;NV;2;2014;7;NV;2;2014;3 125;NV;1;2014;10.59;V;1;2013;10;V;2;2014;7 979;NV;2;2014;11.2;V;1;2013;11.2;V;1;2013;5.5;NV;2;2014;10;V;2;2014;10;V;2;2014;12.25;V;1;2013;10 025;NV;2;2014
13014482;7;AC;2;2014;8.2;AC;2;2014;10;V;1;2014;10;V;2;2013;16.75;V;1;2013;13.48;V;1;2013;10 905;V;2;2014;11;V;1;2013;11;V;1;2013;10;V;1;2014;10;V;2;2013;7.05;AC;2;2014;10.95;V;1;2013;10;V;2;2014
13014508;12 338;V;1;2013;12 338;V;1;2013;10;V;2;2013;12 625;V;1;2013;13.59;V;1;2013;12.83;V;1;2013;12 287;V;1;2014;11;V;1;2013;11;V;1;2013;10;V;2;2013;12 625;V;1;2013;13.3;V;1;2013;12.8;V;1;2013;11 788;V;1;2014
13014535;4 572;NV;1;2014;6;NV;2;2014;1.5;NV;1;2014;6;NV;2;2014;14;V;1;2013;16.45;V;1;2013;8 087;NV;2;2014;10;V;2;2013;10;V;2;2013;0;NRA;1;2014;2.4;NRA;1;2014;10;V;2;2014;13.6;V;1;2013;7 667;NV;2;2014
13014539;4 537;NV;1;2014;8;NV;2;2014;3.25;NV;1;2014;8;NV;2;2014;12.25;V;1;2013;14.4;V;1;2013;8 406;NV;2;2014;10;V;1;2014;11.2;V;1;2014;10;V;2;2014;10;V;2;2014;11.79;V;1;2014;12.3;V;1;2013;10 882;V;2;2014
13014540;7 738;NV;2;2014;7;NV;2;2014;12.75;V;1;2014;2 625;NV;1;2014;11.25;V;1;2014;14.2;V;1;2013;9 261;NV;2;2014;11;V;1;2013;11;V;1;2013;4;NRA;1;2014;10;V;2;2014;3;NRA;1;2014;14.35;V;1;2013;8 892;NV;2;2014
13014647;4 572;NV;1;2014;7;NV;2;2014;10;V;2;2014;2 375;NV;1;2014;10 875;V;1;2013;12;V;1;2013;7 804;NV;2;2014;10;V;1;2013;10;V;1;2013;2;NRA;1;2014;2.1;NRA;1;2014;10;V;2;2014;13.45;V;1;2013;7 925;NV;2;2014
13014660;8;NV;2;2014;7.35;NV;2;2014;10;V;1;2014;7;NV;2;2014;10 675;V;1;2013;10.55;V;1;2013;8 929;NV;2;2014;10;V;1;2013;10;V;1;2013;1.75;NRA;1;2014;5.3;NV;2;2014;3;NRA;1;2014;11.4;V;1;2013;6 908;NV;2;2014
13014676;10;V;2;2013;10;V;2;2013;9.5;AC;2;2013;9;AC;2;2013;10;V;2;2013;11.2;V;1;2013;9.95;NV;2;2014;10;V;2;2013;10;V;2;2013;9.5;AC;2;2013;9;AC;2;2013;10;V;2;2013;12.88;V;1;2013;10.23;V;2;2014
13014730;10.5;V;1;2014;10.05;V;1;2014;9.5;AC;2;2013;9.5;AC;2;2014;10;V;2;2013;12.85;V;1;2013;10.4;V;2;2014;10;V;2;2013;10;V;2;2013;9.5;AC;2;2013;;;;;10;V;2;2013;15.4;V;1;2013;11 225;V;2;2013
13015003;10.95;V;1;2013;10.95;V;1;2013;8;AC;2;2013;9;AC;2;2014;13 875;V;1;2013;13.05;V;1;2013;10 971;V;2;2014;11.2;V;1;2013;11.2;V;1;2013;8;AC;2;2013;;;;;10;V;2;2013;12.9;V;1;2013;10 525;V;2;2013
13015012;10 175;V;1;2014;10.2;V;1;2014;4;NV;1;2014;2 875;NV;1;2014;11 525;V;1;2013;12.7;V;1;2013;8 579;NV;2;2014;11.2;V;1;2013;11.2;V;1;2013;3.5;NRA;1;2014;10;V;2;2014;10;V;2;2013;12.9;V;1;2013;9.8;NV;2;2014
13015013;7;AC;2;2014;7;AC;2;2014;9;AC;2;2014;7.5;AC;2;2014;16 625;V;1;2013;14.05;V;1;2013;10 196;V;2;2014;3.5;NRA;1;2014;5.2;NV;2;2014;5;NV;2;2014;6.5;NV;2;2014;6 275;NV;2;2014;10;V;2;2014;6 079;NV;2;2014
13015282;7.65;AC;2;2014;;;;;11.5;V;1;2013;8;AC;2;2014;14 375;V;1;2013;13.55;V;1;2013;10.65;V;2;2014;10.4;V;1;2013;10.4;V;1;2013;11.5;V;1;2013;;;;;8.21;AC;2;2013;12;V;1;2013;10 528;V;2;2013
13015311;0;NV;1;2014;0;NV;1;2014;0;NV;1;2014;0;NV;1;2014;0;NV;1;2014;0;NV;1;2014;0;NV;2;2014;0;NRA;1;2014;0;NRA;1;2014;0;NRA;1;2014;0;NRA;1;2014;0;NRA;1;2014;0;NRA;1;2014;0;NV;2;2014
13015437;10;V;2;2014;10.3;V;1;2014;11.5;V;1;2014;7;AC;2;2014;10.65;V;1;2013;11;V;1;2014;10 075;V;2;2014;10.8;V;1;2013;10.8;V;1;2013;7;NV;2;2014;7.3;NV;2;2014;10;V;2;2013;11.05;V;1;2013;9 492;NV;2;2014
13015708;0;NV;1;2014;0;NV;1;2014;0;NV;1;2014;0;NV;1;2014;0;NV;1;2014;0;NV;1;2014;0;NV;2;2014;0;NRA;1;2014;0;NRA;1;2014;0;NRA;1;2014;0;NRA;1;2014;0;NRA;1;2014;0;NRA;1;2014;0;NV;2;2014
13015715;10.35;V;1;2013;10.35;V;1;2013;8.75;AC;2;2013;10;V;2;2013;15.74;V;1;2013;14;V;1;2013;11 532;V;2;2014;12 025;V;1;2013;12 025;V;1;2013;8.75;AC;2;2013;10;V;2;2013;13.1;V;1;2013;11.1;V;1;2013;11 167;V;2;2014
13015756;3 512;NV;1;2014;8.5;NV;2;2014;3;NV;1;2014;.125;NV;1;2014;10;V;2;2013;13.7;V;1;2013;6 473;NV;2;2014;10;V;2;2013;10;V;2;2013;2;NRA;1;2014;2.8;NRA;1;2014;5;NV;2;2014;13.65;V;1;2013;7 242;NV;2;2014
13016272;6.25;NV;2;2014;10;V;1;2014;9;NV;2;2014;2 375;NV;1;2014;10 125;V;1;2013;11.4;V;1;2013;8 192;NV;2;2014;12.4;V;1;2013;12.4;V;1;2013;3;NRA;1;2014;7.5;NV;2;2014;10;V;2;2014;10.65;V;1;2013;9 325;NV;2;2014
13016449;8;NV;2;2014;10;V;1;2014;10;V;2;2014;2 375;NV;1;2014;13;V;1;2014;11;V;1;2013;9 063;NV;2;2014;11.2;V;1;2013;11.2;V;1;2013;5;NV;2;2014;10;V;2;2014;10;V;2;2013;12;V;1;2013;9.9;NV;2;2014
14000008;10.1;V;1;2014;13.1;V;1;2014;16;V;1;2014;10;V;1;2014;17;V;1;2014;13;V;1;2014;13.2;V;1;2014;13;V;1;2014;10.8;V;1;2014;12.5;V;1;2014;;V;2;2014;18.21;V;1;2014;12;V;1;2014;13 252;V;1;2014
14000012;15.01;V;1;2014;12.25;V;1;2014;16;V;1;2014;12 375;V;1;2014;18.25;V;1;2014;12.5;V;1;2014;14 398;V;1;2014;15.2;V;1;2014;11.6;V;1;2014;13.75;V;1;2014;15.8;V;1;2014;14.34;V;1;2014;10.5;V;1;2014;13 532;V;1;2014
14000051;10;V;1;2014;11.8;V;1;2014;11.25;V;1;2014;8.5;AC;2;2014;10;V;2;2014;10.5;V;1;2014;10 342;V;2;2014;10;V;1;2014;10;V;1;2014;10.75;V;1;2014;9.25;AC;2;2014;10;V;2;2014;10;V;2;2014;10;V;2;2014
14000054;9;NV;2;2014;7;NV;2;2014;15;V;1;2014;3.25;NRA;1;2014;10;V;2;2014;10;V;1;2014;9 042;NV;2;2014;11;V;1;2014;10;V;1;2014;7;AC;2;2014;11.4;V;1;2014;10;V;1;2014;11.5;V;1;2014;10.15;V;2;2014
14000056;10;V;1;2014;14.05;V;1;2014;15.5;V;1;2014;8.5;AC;2;2014;18.5;V;1;2014;11;V;1;2014;12 925;V;2;2014;12;V;1;2014;14.2;V;1;2014;14.25;V;1;2014;14.2;V;1;2014;13.09;V;1;2014;14.5;V;1;2014;13 707;V;1;2014
14000058;11.05;V;1;2014;12.55;V;1;2014;14.5;V;1;2014;7;AC;2;2014;15.75;V;1;2014;13.75;V;1;2014;12 433;V;2;2014;11;V;1;2014;11.9;V;1;2014;7;AC;2;2014;10.8;V;1;2014;11.28;V;1;2014;14;V;1;2014;10 997;V;2;2014
14000060;5.75;NV;2;2014;8.5;NV;2;2014;10;V;2;2014;2.25;NV;1;2014;;NV;2;2014;10;V;1;2014;6 663;NV;1;2014;10;V;2;2014;10.2;V;1;2014;7;AC;2;2014;10.2;V;1;2014;10.41;V;1;2014;16;V;1;2014;10 635;V;2;2014
14000079;10.05;V;1;2014;10.3;V;1;2014;12.75;V;1;2014;10;V;1;2014;18;V;1;2014;13;V;1;2014;12.35;V;1;2014;11;V;1;2014;10;V;2;2014;10;V;1;2014;10;V;2;2014;10;V;1;2014;15;V;1;2014;11;V;2;2014
14000082;13.01;V;1;2014;10;V;1;2014;17.75;V;1;2014;10;V;1;2014;19.75;V;1;2014;16;V;1;2014;14 418;V;1;2014;16;V;1;2014;13.6;V;1;2014;14.75;V;1;2014;14.2;V;1;2014;15.86;V;1;2014;15.5;V;1;2014;14 985;V;1;2014
14000084;11.65;V;1;2014;10.05;V;1;2014;16.75;V;1;2014;13;V;1;2014;16;V;1;2014;11;V;1;2014;13 075;V;1;2014;13;V;1;2014;10;V;1;2014;12;V;1;2014;15.8;V;1;2014;11.48;V;1;2014;12.5;V;1;2014;12 463;V;1;2014
14000097;1.8;NV;1;2014;2;NV;1;2014;.75;NV;1;2014;0;NV;1;2014;;NV;2;2014;3.5;NV;1;2014;2 217;NV;1;2014;0;NRA;1;2014;0;NRA;1;2014;0;NRA;1;2014;0;NRA;1;2014;0;NRA;1;2014;0;NRA;1;2014;0;NV;2;2014
14000100;7;AC;2;2014;10.05;V;1;2014;14.25;V;1;2014;10;V;1;2014;12;V;1;2014;11.5;V;1;2014;10.8;V;2;2014;11.5;V;1;2014;10;V;1;2014;8;AC;2;2014;11;V;1;2014;10;V;2;2014;15;V;1;2014;10 917;V;2;2014
14000102;1.8;NV;1;2014;2.6;NV;1;2014;2.75;NV;1;2014;2.25;NV;1;2014;;NV;2;2014;6;NV;2;2014;3 733;NV;1;2014;0;NRA;1;2014;0;NRA;1;2014;0;NRA;1;2014;0;NRA;1;2014;0;NRA;1;2014;0;NRA;1;2014;0;NV;2;2014
14000104;9.5;AC;2;2014;9.5;AC;2;2014;12.75;V;1;2014;10;V;1;2014;16.75;V;1;2014;10;V;1;2014;11 417;V;2;2014;10;V;2;2014;10.1;V;1;2014;10;V;2;2014;16.9;V;1;2014;10.09;V;1;2014;16.5;V;1;2014;12 265;V;2;2014
14000107;3 058;NV;1;2014;0;NV;1;2014;.25;NV;1;2014;0;NV;1;2014;0;NV;1;2014;3.25;NV;1;2014;1 093;NV;2;2014;0;NRA;1;2014;0;NRA;1;2014;0;NRA;1;2014;0;NRA;1;2014;.49;NRA;1;2014;0;NRA;1;2014;.082;NV;2;2014
14000109;6.25;NV;2;2014;8.6;NV;2;2014;10;V;2;2014;3;NV;1;2014;;NV;2;2014;13;V;1;2014;7 552;NV;1;2014;7.3;AC;2;2014;10;V;1;2014;10;V;2;2014;10;V;2;2014;10;V;2;2014;15;V;1;2014;10 383;V;2;2014
14000164;8;NV;2;2014;8;NV;2;2014;9;NV;2;2014;.875;NV;1;2014;12.5;V;1;2014;16.25;V;1;2014;9 104;NV;2;2014;4.15;NRA;1;2014;10;V;2;2014;5;NV;2;2014;6.8;NV;2;2014;10;V;2;2014;16;V;1;2014;8 658;NV;2;2014
14000170;2 781;NV;1;2014;13.45;V;1;2014;11;V;1;2014;.125;NV;1;2014;14.25;V;1;2014;13.25;V;1;2014;9 143;NV;2;2014;11;V;1;2014;8;NV;2;2014;3.5;NRA;1;2014;13.1;V;1;2014;10;V;2;2014;14;V;1;2014;9 933;NV;2;2014
14000173;2.4;NV;1;2014;10;V;1;2014;10;V;2;2014;3.25;NV;1;2014;;NV;2;2014;12.5;V;1;2014;6 608;NV;1;2014;10;V;2;2014;10;V;2;2014;7;AC;2;2014;7.7;AC;2;2014;10;V;2;2014;17;V;1;2014;10 283;V;2;2014
14000177;7.6;AC;2;2014;12.45;V;1;2014;8.5;AC;2;2014;7;AC;2;2014;11.5;V;1;2014;13;V;1;2014;10 008;V;2;2014;11.2;V;1;2014;11.4;V;1;2014;10;V;1;2014;7.2;AC;2;2014;10.1;V;1;2014;13;V;1;2014;10 483;V;2;2014
14000182;12.1;V;1;2014;11.45;V;1;2014;14.75;V;1;2014;11 375;V;1;2014;18.5;V;1;2014;10;V;1;2014;13 029;V;1;2014;13;V;1;2014;12.2;V;1;2014;11.75;V;1;2014;14;V;1;2014;12.84;V;1;2014;15;V;1;2014;13 132;V;1;2014
14000188;8.25;AC;2;2014;8.6;AC;2;2014;16.25;V;1;2014;10;V;1;2014;10.5;V;1;2014;10.5;V;1;2014;10 683;V;2;2014;10;V;2;2014;11;V;1;2014;12.75;V;1;2014;11.6;V;1;2014;10;V;1;2014;13.5;V;1;2014;11 475;V;2;2014
14000193;1;NV;1;2014;0;NV;1;2014;5;NV;2;2014;0;NV;1;2014;;NV;2;2014;9.5;NV;2;2014;3 292;NV;1;2014;5.2;NV;2;2014;10;V;1;2014;1;NRA;1;2014;5;NV;2;2014;5;NV;2;2014;0;NRA;1;2014;4 367;NV;2;2014
14000194;9.85;NV;2;2014;7;NV;2;2014;12.25;V;1;2014;3 125;NV;1;2014;10;V;2;2014;11;V;1;2014;8 871;NV;2;2014;10;V;2;2014;11;V;1;2014;10;V;2;2014;13.3;V;1;2014;10;V;1;2014;14.25;V;1;2014;11 425;V;2;2014
14000231;2;NV;1;2014;7;NV;2;2014;10;V;2;2014;10;V;2;2014;12.5;V;1;2014;10;V;2;2014;8 583;NV;2;2014;4.2;NRA;1;2014;13.2;V;1;2014;3.5;NRA;1;2014;11.1;V;1;2014;4.14;NRA;1;2014;13;V;1;2014;8.19;NV;2;2014
14000232;11.06;V;1;2014;10;V;2;2014;12;V;1;2014;10.25;V;1;2014;10;V;2;2014;12.5;V;1;2014;10 968;V;2;2014;11.2;V;1;2014;14.4;V;1;2014;10.5;V;1;2014;10.5;V;1;2014;10.02;V;1;2014;16;V;1;2014;12 103;V;1;2014
14000234;8.25;NV;2;2014;7;NV;2;2014;4.25;NV;1;2014;0;NV;1;2014;3;NV;1;2014;5;NV;2;2014;4 583;NV;2;2014;0;NRA;1;2014;6.4;NV;2;2014;.5;NRA;1;2014;2.2;NRA;1;2014;3.49;NRA;1;2014;9.25;NV;2;2014;3.64;NV;2;2014
14000246;9.65;AC;2;2014;12.15;V;1;2014;13.25;V;1;2014;7;AC;2;2014;15.75;V;1;2014;12.75;V;1;2014;11 758;V;2;2014;11.5;V;1;2014;12.8;V;1;2014;12.75;V;1;2014;13.8;V;1;2014;10;V;2;2014;14;V;1;2014;12 475;V;2;2014
14000248;0;NV;1;2014;0;NV;1;2014;.25;NV;1;2014;0;NV;1;2014;0;NV;1;2014;0;NV;1;2014;.042;NV;2;2014;0;NRA;1;2014;0;NRA;1;2014;0;NRA;1;2014;0;NRA;1;2014;0;NRA;1;2014;0;NRA;1;2014;0;NV;2;2014
14000250;8;AC;2;2014;9;AC;2;2014;14;V;1;2014;10;V;2;2014;12.75;V;1;2014;15.25;V;1;2014;11.5;V;2;2014;10;V;2;2014;10.6;V;1;2014;10;V;2;2014;12.3;V;1;2014;10 562;V;1;2014;16;V;1;2014;11 577;V;2;2014
14000252;10;V;2;2014;10;V;1;2014;11.25;V;1;2014;10;V;2;2014;15.5;V;1;2014;11.25;V;1;2014;11 333;V;2;2014;10;V;2;2014;11.3;V;1;2014;8 728;AC;2;2014;13.2;V;1;2014;10.19;V;1;2014;14;V;1;2014;11 236;V;2;2014
14000256;7.5;AC;2;2014;8.6;AC;2;2014;7.85;AC;2;2014;10.25;V;1;2014;13.25;V;1;2014;12.75;V;1;2014;10 033;V;2;2014;11;V;1;2014;10.1;V;1;2014;8;AC;2;2014;7.4;AC;2;2014;10;V;2;2014;14;V;1;2014;10 083;V;2;2014
14000259;11.12;V;1;2014;11.2;V;1;2014;17.25;V;1;2014;10;V;1;2014;17.25;V;1;2014;15.5;V;1;2014;13.72;V;1;2014;10;V;1;2014;12.8;V;1;2014;14.5;V;1;2014;16.5;V;1;2014;10.86;V;1;2014;17;V;1;2014;13.61;V;1;2014
14000260;11.06;V;1;2014;10;V;2;2014;14.5;V;1;2014;1;NV;1;2014;15.75;V;1;2014;12;V;1;2014;10 718;NV;2;2014;10;V;2;2014;10;V;1;2014;10;V;1;2014;12.5;V;1;2014;10.81;V;1;2014;15.5;V;1;2014;11 468;V;2;2014
14000263;8.25;NV;2;2014;8;NV;2;2014;5;NV;2;2014;5;NV;2;2014;;V;2;2014;10;V;1;2014;6 868;NV;1;2014;5 275;NV;2;2014;10.1;V;1;2014;2.25;NRA;1;2014;6.4;NV;2;2014;10;V;2;2014;14;V;1;2014;8 004;NV;2;2014
14000265;7;NV;2;2014;8.05;NV;2;2014;10;V;1;2014;3 125;NV;1;2014;10;V;2;2014;11;V;1;2014;8 196;NV;2;2014;5.45;NV;2;2014;8;NV;2;2014;3;NRA;1;2014;4.4;NRA;1;2014;3.41;NRA;1;2014;10;V;2;2014;5.71;NV;2;2014
14000271;5.25;NV;2;2014;3.85;NV;1;2014;.75;NV;1;2014;8;NV;2;2014;;NV;2;2014;10;V;1;2014;5 517;NV;1;2014;5;NV;2;2014;9;NV;2;2014;3;NRA;1;2014;3.6;NRA;1;2014;3.33;NRA;1;2014;14;V;1;2014;6 322;NV;2;2014
14000273;8.65;NV;2;2014;7.75;NV;2;2014;10;V;1;2014;.125;NV;1;2014;11;V;1;2014;13;V;1;2014;8 421;NV;2;2014;10;V;2;2014;10;V;2;2014;3;NRA;1;2014;10;V;2;2014;10.94;V;1;2014;12.5;V;1;2014;9 407;NV;2;2014
14000275;7;AC;2;2014;10;V;1;2014;14;V;1;2014;7;AC;2;2014;14.75;V;1;2014;10;V;1;2014;10 458;V;2;2014;11;V;1;2014;10;V;1;2014;10;V;1;2014;11.2;V;1;2014;10;V;2;2014;10.5;V;1;2014;10.45;V;2;2014
14000278;6;NV;2;2014;7.2;NV;2;2014;5;NV;2;2014;3;NV;1;2014;;NV;2;2014;10;V;1;2014;6 163;NV;1;2014;5;NV;2;2014;10;V;2;2014;2.25;NRA;1;2014;10;V;2;2014;3.25;NRA;1;2014;10.25;V;1;2014;6 792;NV;2;2014
14000280;3.11;NV;1;2014;10;V;1;2014;6.75;NV;2;2014;0;NV;1;2014;6.75;NV;2;2014;11;V;1;2014;6 268;NV;2;2014;5.8;NV;2;2014;10;V;2;2014;2.75;NRA;1;2014;6.9;NV;2;2014;5.67;NV;2;2014;10;V;2;2014;6 853;NV;2;2014
14000282;5.75;NV;2;2014;10;V;2;2014;10;V;2;2014;1.75;NV;1;2014;10;V;2;2014;10;V;1;2014;7 917;NV;2;2014;6.8;NV;2;2014;7;NV;2;2014;5;NV;2;2014;7;NV;2;2014;10;V;2;2014;12.5;V;1;2014;8.05;NV;2;2014
14000284;3 108;NV;1;2014;2;NV;1;2014;.25;NV;1;2014;0;NV;1;2014;0;NV;1;2014;12;V;1;2014;2 893;NV;2;2014;3.2;NRA;1;2014;8;NV;2;2014;2.25;NRA;1;2014;4.4;NRA;1;2014;10;V;2;2014;16.5;V;1;2014;7 392;NV;2;2014
14000287;7.25;NV;2;2014;8;NV;2;2014;10;V;1;2014;3.25;NV;1;2014;10;V;2;2014;11;V;1;2014;8.25;NV;2;2014;10;V;2;2014;10;V;2;2014;7.4;AC;2;2014;10.7;V;1;2014;10;V;2;2014;12;V;1;2014;10 017;V;2;2014
14000290;5.25;NV;2;2014;4.1;NV;1;2014;7.5;NV;2;2014;0;NV;1;2014;;V;2;2014;11.75;V;1;2014;6 314;NV;1;2014;3 875;NRA;1;2014;7;NV;2;2014;0;NRA;1;2014;.16;NRA;1;2014;3.09;NRA;1;2014;0;NRA;1;2014;2 354;NV;2;2014
14000292;8.75;AC;2;2014;10.05;V;1;2014;10;V;2;2014;7;AC;2;2014;12.5;V;1;2014;12.5;V;1;2014;10 133;V;2;2014;10;V;2;2014;11;V;1;2014;5;NV;2;2014;8.5;NV;2;2014;10;V;2;2014;12;V;1;2014;9 417;NV;2;2014
14000355;9.25;AC;2;2014;10;V;1;2014;16.25;V;1;2014;7;AC;2;2014;14;V;1;2014;11.5;V;1;2014;11 333;V;2;2014;10;V;1;2014;11.8;V;1;2014;8;AC;2;2014;11.1;V;1;2014;10;V;2;2014;14;V;1;2014;10 817;V;2;2014
14000360;5 628;NV;2;2014;10.15;V;1;2014;13;V;1;2014;3.25;NV;1;2014;10;V;2;2014;11.5;V;1;2014;8 921;NV;2;2014;11;V;1;2014;12.2;V;1;2014;10;V;1;2014;10.7;V;1;2014;10;V;2;2014;15;V;1;2014;11 483;V;2;2014
14000363;8;NV;2;2014;10.05;V;1;2014;12.25;V;1;2014;1.75;NV;1;2014;14.75;V;1;2014;12.25;V;1;2014;9 842;NV;2;2014;7 925;NV;2;2014;10.4;V;1;2014;3.5;NRA;1;2014;12.6;V;1;2014;11.99;V;1;2014;16.5;V;1;2014;10 486;NV;2;2014
14000365;10.91;V;1;2014;10.3;V;1;2014;12;V;1;2014;7;AC;2;2014;10;V;2;2014;13;V;1;2014;10 535;V;2;2014;6 025;NV;2;2014;10;V;1;2014;7;NV;2;2014;8.8;NV;2;2014;0;NRA;1;2014;10;V;2;2014;6 971;NV;2;2014
14000369;8;AC;2;2014;7.5;AC;2;2014;10;V;2;2014;7;AC;2;2014;16.25;V;1;2014;13.5;V;1;2014;10 375;V;2;2014;10;V;2;2014;11.6;V;1;2014;10;V;2;2014;10.1;V;1;2014;10;V;2;2014;14;V;1;2014;10.95;V;2;2014
14000375;10;V;2;2014;9.75;AC;2;2014;10;V;2;2014;10;V;1;2014;10.25;V;1;2014;10;V;1;2014;10;V;2;2014;6.15;NV;2;2014;10;V;2;2014;5;NV;2;2014;8.9;NV;2;2014;10;V;2;2014;12;V;1;2014;8 675;NV;2;2014
14000378;7;AC;2;2014;7;AC;2;2014;13.75;V;1;2014;14.25;V;1;2014;11.5;V;1;2014;12.75;V;1;2014;11 042;V;2;2014;11;V;1;2014;10;V;2;2014;12;V;1;2014;13;V;1;2014;10;V;2;2014;12;V;1;2014;11 333;V;2;2014
14000381;4 008;NV;1;2014;2.1;NV;1;2014;1;NV;1;2014;0;NV;1;2014;;NV;2;2014;11;V;1;2014;4 185;NV;1;2014;10;V;1;2014;8;NV;2;2014;2;NRA;1;2014;1.2;NRA;1;2014;3.58;NRA;1;2014;13;V;1;2014;6 297;NV;2;2014
14000385;1 258;NV;1;2014;7.3;NV;2;2014;10;V;1;2014;3.25;NV;1;2014;;NV;2;2014;10.5;V;1;2014;6 301;NV;1;2014;5.85;NV;2;2014;8;NV;2;2014;5.25;NV;2;2014;3.2;NRA;1;2014;7 525;NV;2;2014;12;V;1;2014;6 971;NV;2;2014
14000390;11.05;V;1;2014;13.35;V;1;2014;17.5;V;1;2014;12.25;V;1;2014;13.75;V;1;2014;12;V;1;2014;13 317;V;1;2014;16;V;1;2014;11.9;V;1;2014;13.75;V;1;2014;16.4;V;1;2014;15.46;V;1;2014;16.5;V;1;2014;15 002;V;1;2014
14000393;6;NV;2;2014;8.2;NV;2;2014;10;V;2;2014;1.5;NV;1;2014;12;V;1;2014;15.75;V;1;2014;8 908;NV;2;2014;5.9;NV;2;2014;10;V;2;2014;4;NRA;1;2014;10;V;2;2014;10;V;2;2014;15;V;1;2014;9.15;NV;2;2014
14000396;3 612;NV;1;2014;7;NV;2;2014;6.5;NV;2;2014;0;NV;1;2014;4.75;NV;1;2014;3.5;NV;1;2014;4 227;NV;2;2014;5 825;NV;2;2014;8;NV;2;2014;5.5;NV;2;2014;9;NV;2;2014;7.05;NV;2;2014;10;V;2;2014;7 563;NV;2;2014
14000423;10.05;V;1;2014;9;AC;2;2014;19;V;1;2014;14.5;V;1;2014;11 875;V;1;2014;11.75;V;1;2014;12 696;V;2;2014;11.3;V;1;2014;10;V;2;2014;12.75;V;1;2014;14.1;V;1;2014;10.44;V;1;2014;13.5;V;1;2014;12 015;V;2;2014
14000425;9.65;AC;2;2014;11.45;V;1;2014;14.75;V;1;2014;13.75;V;1;2014;;AC;2;2014;11.75;V;1;2014;11 352;NV;1;2014;10;V;1;2014;10.5;V;1;2014;10;V;1;2014;8.3;NV;2;2014;6.1;NV;2;2014;12;V;1;2014;9 483;NV;2;2014
14000429;10.25;V;1;2014;12.55;V;1;2014;10;V;1;2014;8;AC;2;2014;12.5;V;1;2014;14;V;1;2014;11 217;V;2;2014;10;V;1;2014;10;V;2;2014;7;AC;2;2014;9;AC;2;2014;10;V;2;2014;16.5;V;1;2014;10 417;V;2;2014
14000432;11.25;V;1;2014;9;NV;2;2014;14.25;V;1;2014;1 625;NV;1;2014;12;V;1;2014;11.5;V;1;2014;9 938;NV;2;2014;10;V;2;2014;11;V;1;2014;14;V;1;2014;11;V;1;2014;12.68;V;1;2014;12.5;V;1;2014;11 863;V;2;2014
14000433;6.25;NV;2;2014;7;NV;2;2014;5;NV;2;2014;6.5;NV;2;2014;14.75;V;1;2014;11;V;1;2014;8 417;NV;2;2014;10;V;2;2014;10;V;1;2014;7;AC;2;2014;13.9;V;1;2014;10;V;2;2014;14;V;1;2014;10 817;V;2;2014
14000436;9.25;NV;2;2014;7.75;NV;2;2014;14.25;V;1;2014;2 375;NV;1;2014;10;V;2;2014;11;V;1;2014;9 104;NV;2;2014;12;V;1;2014;8;AC;2;2014;8;AC;2;2014;15.3;V;1;2014;12.24;V;1;2014;14.5;V;1;2014;11 673;V;2;2014
14000437;10 072;V;1;2014;10.3;V;1;2014;10;V;2;2014;3.25;NV;1;2014;10;V;2;2014;11;V;1;2014;9 104;NV;2;2014;10;V;2;2014;10;V;2;2014;10;V;2;2014;10.3;V;1;2014;10;V;2;2014;11.5;V;1;2014;10.3;V;2;2014
14000439;5.5;NV;2;2014;4.1;NV;1;2014;11.5;V;1;2014;10;V;2;2014;;NV;2;2014;12.5;V;1;2014;7 818;NV;1;2014;10;V;1;2014;10;V;2;2014;7.5;AC;2;2014;10.7;V;1;2014;10;V;2;2014;15;V;1;2014;10 533;V;2;2014
14000440;9.5;AC;2;2014;10;V;2;2014;18.5;V;1;2014;10;V;2;2014;16;V;1;2014;10;V;1;2014;12 333;V;2;2014;11;V;1;2014;11.3;V;1;2014;12;V;1;2014;10.1;V;1;2014;10;V;2;2014;13.5;V;1;2014;11 317;V;2;2014
14000456;9;AC;2;2014;9.5;AC;2;2014;14.25;V;1;2014;10 625;V;1;2014;13.75;V;1;2014;15.75;V;1;2014;12 146;V;2;2014;10;V;1;2014;13.7;V;1;2014;7;AC;2;2014;12.1;V;1;2014;11.97;V;1;2014;16;V;1;2014;11 795;V;2;2014
14000500;10;V;2;2014;10;V;2;2014;15;V;1;2014;10;V;2;2014;14;V;1;2014;11.75;V;1;2014;11 792;V;2;2014;7;AC;2;2014;10;V;2;2014;10;V;2;2014;10.8;V;1;2014;10;V;2;2014;13.5;V;1;2014;10 217;V;2;2014
14000502;5.5;NV;2;2014;6;NV;2;2014;10;V;2;2014;2;NRA;1;2014;11.75;V;1;2014;10.5;V;1;2014;7 625;NV;2;2014;10;V;2;2014;8;NV;2;2014;3.5;NRA;1;2014;11.6;V;1;2014;8 725;NV;2;2014;13;V;1;2014;9 138;NV;2;2014
14000504;10;V;2;2014;10.1;V;1;2014;14.25;V;1;2014;3 125;NV;1;2014;;NV;2;2014;10;V;2;2014;7 514;NV;1;2014;5;NV;2;2014;11.1;V;1;2014;5;NV;2;2014;10.1;V;1;2014;10;V;2;2014;12;V;1;2014;8 867;NV;2;2014
14000505;9;AC;2;2014;7;AC;2;2014;10;V;1;2014;7;AC;2;2014;18.25;V;1;2014;12;V;1;2014;10 542;V;2;2014;6.5;NV;2;2014;10.5;V;1;2014;7;NV;2;2014;9;NV;2;2014;10;V;2;2014;17;V;1;2014;10;NV;2;2014
14000511;3 687;NV;1;2014;4.8;NV;1;2014;7.5;NV;2;2014;8.5;NV;2;2014;10;V;1;2014;10;V;1;2014;7 415;NV;2;2014;7.6;NV;2;2014;9;NV;2;2014;7;NV;2;2014;5.5;NV;2;2014;10;V;2;2014;12.5;V;1;2014;8.6;NV;2;2014
14000513;6 908;NV;2;2014;7;NV;2;2014;11.25;V;1;2014;10;V;1;2014;4.5;NV;1;2014;12.5;V;1;2014;8 693;NV;2;2014;0;NRA;1;2014;4;NRA;1;2014;.5;NRA;1;2014;2;NRA;1;2014;.33;NRA;1;2014;0;NRA;1;2014;1 138;NV;2;2014
14000517;7;AC;2;2014;7;AC;2;2014;12.5;V;1;2014;11.25;V;1;2014;13;V;1;2014;12.5;V;1;2014;10 542;V;2;2014;7;AC;2;2014;10;V;2;2014;7;AC;2;2014;10.3;V;1;2014;10;V;2;2014;16;V;1;2014;10.05;V;2;2014
14000523;10;V;2;2014;10.35;V;1;2014;15.75;V;1;2014;10;V;2;2014;7.75;AC;2;2014;13;V;1;2014;11 142;V;2;2014;11.07;V;1;2014;10;V;2;2014;15.25;V;1;2014;14.6;V;1;2014;13.49;V;1;2014;12.5;V;1;2014;12 818;V;2;2014
14000524;10 025;V;1;2014;8.5;AC;2;2014;17.25;V;1;2014;9;AC;2;2014;10;V;2;2014;11.5;V;1;2014;11 046;V;2;2014;10;V;2;2014;10;V;2;2014;12.25;V;1;2014;14.1;V;1;2014;10;V;1;2014;15;V;1;2014;11 892;V;2;2014
14000527;7.75;AC;2;2014;10.4;V;1;2014;14.75;V;1;2014;7;AC;2;2014;10;V;2;2014;12.75;V;1;2014;10 442;V;2;2014;11;V;1;2014;8;AC;2;2014;16;V;1;2014;16.1;V;1;2014;10.25;V;1;2014;12;V;1;2014;12 225;V;2;2014
14000528;10;V;2;2014;11.75;V;1;2014;12.25;V;1;2014;7;AC;2;2014;10.5;V;1;2014;12.5;V;1;2014;10 667;V;2;2014;14;V;1;2014;10.6;V;1;2014;7.5;AC;2;2014;12.2;V;1;2014;14.79;V;1;2014;14.5;V;1;2014;12 265;V;2;2014
14000530;2 085;NV;1;2014;0;NV;1;2014;0;NV;1;2014;0;NV;1;2014;0;NV;1;2014;0;NV;1;2014;.348;NV;2;2014;0;NRA;1;2014;0;NRA;1;2014;0;NRA;1;2014;0;NRA;1;2014;0;NRA;1;2014;0;NRA;1;2014;0;NV;2;2014
14000532;9;AC;2;2014;7.3;AC;2;2014;11;V;1;2014;10;V;2;2014;11.25;V;1;2014;15;V;1;2014;10 592;V;2;2014;7;AC;2;2014;10;V;1;2014;10.5;V;1;2014;10.8;V;1;2014;7;AC;2;2014;17.5;V;1;2014;10 467;V;2;2014
14000535;7;AC;2;2014;10;V;1;2014;14.75;V;1;2014;10;V;2;2014;15.75;V;1;2014;12.5;V;1;2014;11 667;V;2;2014;7.6;AC;2;2014;8;AC;2;2014;15;V;1;2014;14.7;V;1;2014;10;V;2;2014;10.75;V;1;2014;11 008;V;2;2014
14000545;7.5;NV;2;2014;1.8;NV;1;2014;10;V;2;2014;8;NV;2;2014;11;V;1;2014;10;V;2;2014;8.05;NV;2;2014;3.45;NRA;1;2014;10;V;1;2014;5;NV;2;2014;5.1;NV;2;2014;5.28;NV;2;2014;10;V;1;2014;6 472;NV;2;2014
14000585;8.25;NV;2;2014;7.4;NV;2;2014;10;V;1;2014;0;NV;1;2014;3.75;NV;1;2014;12.5;V;1;2014;6 983;NV;2;2014;10;V;2;2014;11.4;V;1;2014;2;NRA;1;2014;5.2;NV;2;2014;8.05;NV;2;2014;14;V;1;2014;8 442;NV;2;2014
14000595;3.26;NV;1;2014;7;NV;2;2014;6.5;NV;2;2014;3.5;NV;1;2014;;V;2;2014;11 375;V;1;2014;6 623;NV;1;2014;0;NRA;1;2014;3.6;NRA;1;2014;1.75;NRA;1;2014;1.8;NRA;1;2014;3.18;NRA;1;2014;14.5;V;1;2014;4 138;NV;2;2014
14000600;8 248;AC;2;2014;8.7;AC;2;2014;14.25;V;1;2014;10;V;1;2014;8.25;AC;2;2014;12.5;V;1;2014;10 325;V;2;2014;11;V;1;2014;11.2;V;1;2014;10;V;1;2014;11.6;V;1;2014;8.75;AC;2;2014;14;V;1;2014;11 092;V;2;2014
14000603;11.05;V;1;2014;10;V;2;2014;15.25;V;1;2014;7;AC;2;2014;18;V;1;2014;14;V;1;2014;12.55;V;2;2014;10;V;1;2014;11.3;V;1;2014;12.25;V;1;2014;11.8;V;1;2014;10.66;V;1;2014;11.5;V;1;2014;11 252;V;1;2014
14000605;10;V;2;2014;8;AC;2;2014;10;V;1;2014;10;V;2;2014;10 125;V;1;2014;14;V;1;2014;10 354;V;2;2014;7;AC;2;2014;11.3;V;1;2014;7;AC;2;2014;13.9;V;1;2014;10;V;2;2014;11;V;1;2014;10 033;V;2;2014
14000613;7 372;AC;2;2014;10;V;2;2014;10;V;1;2014;8;AC;2;2014;13.25;V;1;2014;11.75;V;1;2014;10 062;V;2;2014;10;V;2;2014;11.5;V;1;2014;8.5;AC;2;2014;10;V;2;2014;10;V;2;2014;10;V;2;2014;10;V;2;2014
14000616;10 259;V;1;2014;8.6;AC;2;2014;18.25;V;1;2014;8;AC;2;2014;12.75;V;1;2014;16.5;V;1;2014;12 393;V;2;2014;13;V;1;2014;7;AC;2;2014;14.25;V;1;2014;12.4;V;1;2014;13.46;V;1;2014;17.5;V;1;2014;12 935;V;2;2014
14000619;10;V;2;2014;7.15;AC;2;2014;10;V;2;2014;10.25;V;1;2014;12;V;1;2014;13.25;V;1;2014;10 442;V;2;2014;14;V;1;2014;14;V;1;2014;13.5;V;1;2014;18.4;V;1;2014;12.3;V;1;2014;13;V;1;2014;14.2;V;1;2014
14000621;10.15;V;1;2014;8.5;NV;2;2014;10;V;1;2014;3.25;NV;1;2014;4.75;NV;1;2014;10;V;2;2014;7 775;NV;2;2014;6.5;NV;2;2014;10;V;2;2014;10;V;2;2014;8.5;NV;2;2014;10;V;2;2014;10.5;V;1;2014;9.25;NV;2;2014
14000624;8;AC;2;2014;11.8;V;1;2014;17.5;V;1;2014;16.25;V;1;2014;17.25;V;1;2014;11.5;V;1;2014;13 717;V;2;2014;11;V;1;2014;14.2;V;1;2014;19.5;V;1;2014;18.3;V;1;2014;11.1;V;1;2014;11;V;1;2014;14 183;V;1;2014
14000638;0;NV;1;2014;10.1;V;1;2014;12.75;V;1;2014;8.5;NV;2;2014;;NV;2;2014;4.5;NV;1;2014;6 746;NV;1;2014;6 675;NV;2;2014;10;V;1;2014;3;NRA;1;2014;10;V;2;2014;10;V;2;2014;10;V;2;2014;8 279;NV;2;2014
14000641;12.03;V;1;2014;9.1;AC;2;2014;15.75;V;1;2014;10;V;2;2014;14 125;V;1;2014;11.5;V;1;2014;12 084;V;2;2014;12.5;V;1;2014;11.2;V;1;2014;10.5;V;1;2014;15.5;V;1;2014;10;V;1;2014;13;V;1;2014;12 117;V;1;2014
14000663;5.25;NV;2;2014;8.5;NV;2;2014;10;V;2;2014;.625;NV;1;2014;12;V;2;2014;12.75;V;1;2014;8 188;NV;2;2014;10;V;2;2014;10;V;2;2014;3.25;NRA;1;2014;9;NV;2;2014;10;V;2;2014;15;V;1;2014;9 542;NV;2;2014
14000664;6 575;NV;2;2014;9;NV;2;2014;6;NV;2;2014;6;NV;2;2014;14;V;1;2014;10;V;2;2014;8 596;NV;2;2014;10;V;2;2014;11.8;V;1;2014;5;NV;2;2014;7.5;NV;2;2014;10;V;2;2014;12;V;1;2014;9 383;NV;2;2014
14000685;10 152;V;1;2014;10;V;1;2014;12.25;V;1;2014;7;AC;2;2014;12.75;V;1;2014;11.5;V;1;2014;10 609;V;2;2014;11;V;1;2014;10;V;1;2014;7;AC;2;2014;10.3;V;1;2014;12.36;V;1;2014;15.5;V;1;2014;11 027;V;2;2014
14000687;12;V;1;2014;10;V;1;2014;12.75;V;1;2014;10;V;1;2014;10;V;2;2014;15;V;1;2014;11 625;V;2;2014;10;V;2;2014;11.4;V;1;2014;7;AC;2;2014;12.2;V;1;2014;10;V;1;2014;14.5;V;1;2014;10.85;V;2;2014
14000693;9.5;AC;2;2014;10;V;2;2014;11;V;1;2014;9;AC;2;2014;10;V;2;2014;10.5;V;1;2014;10;V;2;2014;10;V;2;2014;10;V;2;2014;8.5;AC;2;2014;10;V;2;2014;10;V;2;2014;15;V;1;2014;10 583;V;2;2014
14000695;7;NV;2;2014;9.25;NV;2;2014;10.5;V;1;2014;5.5;NV;2;2014;10;V;1;2014;12.25;V;1;2014;9 083;NV;2;2014;10;V;2;2014;10;V;2;2014;8.1;AC;2;2014;11.4;V;1;2014;9;AC;2;2014;11.5;V;1;2014;10;V;2;2014
14000697;6.25;NV;2;2014;9;NV;2;2014;10;V;1;2014;7;NV;2;2014;10;V;1;2014;10;V;2;2014;8 708;NV;2;2014;10;V;1;2014;8;NV;2;2014;1.75;NRA;1;2014;10;V;2;2014;10;V;2;2014;10;V;2;2014;8 292;NV;2;2014
14000701;6.25;NV;2;2014;9;NV;2;2014;8.5;NV;2;2014;2.5;NV;1;2014;13;V;1;2014;12 625;V;1;2014;8 646;NV;2;2014;5;NV;2;2014;8;NV;2;2014;8;NV;2;2014;8.5;NV;2;2014;10;V;2;2014;15;V;1;2014;9 083;NV;2;2014
14000729;7;AC;2;2014;8.5;AC;2;2014;12.25;V;1;2014;7.25;AC;2;2014;14;V;1;2014;11;V;1;2014;10;V;2;2014;10;V;2;2014;10;V;1;2014;10;V;2;2014;10;V;2;2014;10;V;2;2014;12;V;1;2014;10 333;V;2;2014
14000732;10.1;V;1;2014;9.5;NV;2;2014;12;V;1;2014;2 375;NV;1;2014;10;V;2;2014;11;V;1;2014;9 163;NV;2;2014;10;V;2;2014;10.8;V;1;2014;7;AC;2;2014;10;V;2;2014;10;V;2;2014;13.5;V;1;2014;10 217;V;2;2014
14000735;9.5;AC;2;2014;7;AC;2;2014;11.5;V;1;2014;7;AC;2;2014;14.25;V;1;2014;12.5;V;1;2014;10 292;V;2;2014;11;V;1;2014;11.7;V;1;2014;10;V;2;2014;12.3;V;1;2014;12.35;V;1;2014;17;V;1;2014;12 392;V;2;2014
14000812;10.16;V;1;2014;10.2;V;1;2014;17;V;1;2014;10.25;V;1;2014;15.5;V;1;2014;10.5;V;1;2014;12 268;V;1;2014;12;V;1;2014;14;V;1;2014;12;V;1;2014;15.5;V;1;2014;11.56;V;1;2014;14;V;1;2014;13 177;V;1;2014
14001041;11.6;V;1;2014;11.2;V;1;2014;14.75;V;1;2014;7.5;AC;2;2014;14.5;V;1;2014;15;V;1;2014;12 425;V;2;2014;7 925;AC;2;2014;13;V;1;2014;10;V;2;2014;11.1;V;1;2014;10.07;V;1;2014;17;V;1;2014;11 516;V;2;2014
14001139;9.7;AC;2;2014;10;V;1;2014;15;V;1;2014;8;AC;2;2014;14.5;V;1;2014;13.25;V;1;2014;11 742;V;2;2014;13;V;1;2014;10.8;V;1;2014;10;V;2;2014;11.7;V;1;2014;11.1;V;1;2014;14;V;1;2014;11 767;V;2;2014
14001159;5.75;NV;2;2014;7;NV;2;2014;10;V;1;2014;3 375;NV;1;2014;14;V;1;2014;14;V;1;2014;9 021;NV;2;2014;10;V;1;2014;10.9;V;1;2014;8.5;AC;2;2014;10.3;V;1;2014;10;V;2;2014;14;V;1;2014;10 617;V;2;2014
14001170;10.08;V;1;2014;11.5;V;1;2014;11.25;V;1;2014;7.25;AC;2;2014;10;V;2;2014;10;V;2;2014;10 013;V;2;2014;10;V;2;2014;10;V;2;2014;5;NV;2;2014;4.3;NRA;1;2014;10;V;2;2014;9.5;NV;2;2014;8 133;NV;2;2014
14001191;1.11;NV;1;2014;7.3;NV;2;2014;9;NV;2;2014;1.5;NV;1;2014;;NV;2;2014;11;V;1;2014;5 985;NV;1;2014;5.95;NV;2;2014;8;NV;2;2014;5.25;NV;2;2014;8.1;NV;2;2014;8.4;NV;2;2014;15;V;1;2014;8.45;NV;2;2014
14001200;10;V;2;2014;5.7;NV;2;2014;7.5;NV;2;2014;0;NV;1;2014;11.25;V;1;2014;11;V;1;2014;7 575;NV;2;2014;3.2;NRA;1;2014;3.4;NRA;1;2014;3;NRA;1;2014;2.3;NRA;1;2014;3.09;NRA;1;2014;11.5;V;1;2014;4 415;NV;2;2014
14001220;5.25;NV;2;2014;3.2;NV;1;2014;3.5;NV;1;2014;2.25;NV;1;2014;11;V;1;2014;10.5;V;1;2014;5.95;NV;2;2014;0;NRA;1;2014;7.9;NV;2;2014;1.25;NRA;1;2014;7.2;NV;2;2014;1.46;NRA;1;2014;12;V;1;2014;4 968;NV;2;2014
14001231;7;AC;2;2014;11.6;V;1;2014;15.25;V;1;2014;10;V;1;2014;14.5;V;1;2014;12.5;V;1;2014;11 808;V;2;2014;12;V;1;2014;10.7;V;1;2014;10;V;1;2014;14.8;V;1;2014;11.58;V;1;2014;13;V;1;2014;12 013;V;1;2014
14001260;11.06;V;1;2014;12.2;V;1;2014;11;V;1;2014;7;AC;2;2014;10;V;2;2014;12;V;1;2014;10 543;V;2;2014;10;V;2;2014;8;AC;2;2014;10;V;2;2014;14.8;V;1;2014;10.89;V;1;2014;16;V;1;2014;11 615;V;2;2014
14001270;7;AC;2;2014;8.75;AC;2;2014;12;V;1;2014;10;V;2;2014;7.5;AC;2;2014;15;V;1;2014;10 042;V;2;2014;11.3;V;1;2014;10;V;1;2014;7;AC;2;2014;8;AC;2;2014;10;V;2;2014;16.5;V;1;2014;10 467;V;2;2014
14001278;10;V;2;2014;13.05;V;1;2014;16;V;1;2014;10;V;1;2014;15.25;V;1;2014;18;V;1;2014;13 717;V;2;2014;11;V;1;2014;10;V;1;2014;11.5;V;1;2014;12.7;V;1;2014;10;V;2;2014;14.5;V;1;2014;11 617;V;2;2014
14001282;3 525;NV;1;2014;8.75;NV;2;2014;10;V;2;2014;3 125;NV;1;2014;13;V;1;2014;15.75;V;1;2014;9 025;NV;2;2014;10;V;2;2014;11.1;V;1;2014;8;AC;2;2014;10;V;2;2014;10;V;2;2014;16;V;1;2014;10.85;V;2;2014
14001332;3 208;NV;1;2014;5.7;NV;2;2014;6.5;NV;2;2014;3 125;NV;1;2014;;NV;2;2014;9.25;NV;2;2014;5 839;NV;1;2014;5 925;NV;2;2014;6.2;NV;2;2014;2.5;NRA;1;2014;4;NRA;1;2014;3 375;NRA;1;2014;14;V;1;2014;6;NV;2;2014
14001346;3.75;NV;1;2014;2.9;NV;1;2014;4.75;NV;1;2014;1;NV;1;2014;;NV;2;2014;8.75;NV;2;2014;4 754;NV;1;2014;4.7;NRA;1;2014;7.4;NV;2;2014;1.5;NRA;1;2014;1.6;NRA;1;2014;2.52;NRA;1;2014;0;NRA;1;2014;2 953;NV;2;2014
14001543;2;NV;1;2014;3.7;NV;1;2014;5;NV;2;2014;3;NV;1;2014;4.25;NV;1;2014;10;V;2;2014;4 658;NV;2;2014;0;NRA;1;2014;10;V;2;2014;2.5;NRA;1;2014;8.5;NV;2;2014;10;V;2;2014;13;V;1;2014;7 333;NV;2;2014
14001621;2 612;NV;1;2014;6.15;NV;2;2014;10;V;1;2014;7.5;NV;2;2014;11.5;V;1;2014;13.5;V;1;2014;8 544;NV;2;2014;11;V;1;2014;10.1;V;1;2014;7;AC;2;2014;11.5;V;1;2014;10;V;2;2014;13.5;V;1;2014;10 517;V;2;2014
14001626;6.75;NV;2;2014;8.5;NV;2;2014;11.25;V;1;2014;2.5;NV;1;2014;3.25;NV;1;2014;9;NV;2;2014;6 875;NV;2;2014;0;NRA;1;2014;0;NRA;1;2014;0;NRA;1;2014;0;NRA;1;2014;0;NRA;1;2014;0;NRA;1;2014;0;NV;2;2014
14001630;2.2;NV;1;2014;5.15;NV;2;2014;3;NV;1;2014;0;NV;1;2014;10.5;V;1;2014;11;V;1;2014;5 308;NV;2;2014;0;NRA;1;2014;5;NV;2;2014;0;NRA;1;2014;0;NRA;1;2014;.74;NRA;1;2014;13;V;1;2014;3 123;NV;2;2014
14001633;6;NV;2;2014;6;NV;2;2014;8.5;NV;2;2014;.125;NV;1;2014;10;V;2;2014;11.25;V;1;2014;6 979;NV;2;2014;5 375;NV;2;2014;9;NV;2;2014;5;NV;2;2014;6.4;NV;2;2014;2.08;NRA;1;2014;13;V;1;2014;6 809;NV;2;2014
14001636;4 535;NV;1;2014;10;V;2;2014;10;V;2;2014;2 375;NV;1;2014;;NV;2;2014;11;V;1;2014;6.86;NV;1;2014;5.25;NV;2;2014;11.4;V;1;2014;5;NV;2;2014;10.7;V;1;2014;10;V;2;2014;14.5;V;1;2014;9 475;NV;2;2014
14001637;10.26;V;1;2014;9;AC;2;2014;14.75;V;1;2014;12.25;V;1;2014;12.5;V;1;2014;8.75;AC;2;2014;11 252;V;2;2014;10;V;1;2014;10.7;V;1;2014;11.5;V;1;2014;12.3;V;1;2014;10.33;V;1;2014;11;V;1;2014;10 972;V;1;2014
14001638;11.07;V;1;2014;9;AC;2;2014;11.75;V;1;2014;7;AC;2;2014;13.25;V;1;2014;11;V;1;2014;10 512;V;2;2014;12;V;1;2014;10;V;1;2014;7;AC;2;2014;10;V;2;2014;11.47;V;1;2014;13;V;1;2014;10 578;V;2;2014
14001639;7;NV;2;2014;8.7;NV;2;2014;12.25;V;1;2014;2.25;NV;1;2014;10.25;V;1;2014;11;V;1;2014;8 575;NV;2;2014;5;NV;2;2014;8;NV;2;2014;5;NV;2;2014;8.5;NV;2;2014;8 675;NV;2;2014;11;V;1;2014;7 696;NV;2;2014
14003181;0;NV;1;2014;.3;NV;1;2014;0;NV;1;2014;0;NV;1;2014;0;NV;1;2014;6.5;NV;2;2014;1 133;NV;2;2014;0;NRA;1;2014;0;NRA;1;2014;0;NRA;1;2014;0;NRA;1;2014;0;NRA;1;2014;0;NRA;1;2014;0;NV;2;2014
14003199;7.51;AC;2;2014;10;V;1;2014;14.5;V;1;2014;10;V;1;2014;10;V;2;2014;15.5;V;1;2014;11 252;V;2;2014;7 575;AC;2;2014;10.6;V;1;2014;10;V;1;2014;8.6;AC;2;2014;10;V;2;2014;16.5;V;1;2014;10 546;V;2;2014
14003846;4 852;NV;1;2014;4.05;NV;1;2014;10;V;1;2014;3.25;NV;1;2014;4.75;NV;1;2014;10;V;1;2014;6.15;NV;2;2014;3 575;NRA;1;2014;9;NV;2;2014;3.5;NRA;1;2014;10;V;2;2014;4.14;NRA;1;2014;11;V;1;2014;6 869;NV;2;2014
14004670;9.25;NV;2;2014;6;NV;2;2014;10.5;V;1;2014;1.5;NV;1;2014;;NV;2;2014;11;V;1;2014;6 971;NV;1;2014;10;V;1;2014;10;V;2;2014;2.5;NRA;1;2014;10;V;2;2014;10;V;2;2014;10.5;V;1;2014;8 833;NV;2;2014
14004867;10.3;V;1;2014;7.5;NV;2;2014;11.5;V;1;2014;3 125;NV;1;2014;4.5;NV;1;2014;12;V;1;2014;8 154;NV;2;2014;7.15;NV;2;2014;10;V;2;2014;5;NV;2;2014;8;NV;2;2014;10;V;2;2014;14;V;1;2014;9 025;NV;2;2014
14005168;6.25;NV;2;2014;8;NV;2;2014;10;V;2;2014;1 625;NV;1;2014;10;V;2;2014;10.5;V;1;2014;7 729;NV;2;2014;4 175;NRA;1;2014;6;NV;2;2014;2.5;NRA;1;2014;10;V;2;2014;10;V;2;2014;13;V;1;2014;7 613;NV;2;2014
14005170;10 025;V;1;2014;10;V;1;2014;10.5;V;1;2014;8.5;AC;2;2014;14 125;V;1;2014;14.25;V;1;2014;11 233;V;2;2014;10;V;1;2014;10.5;V;1;2014;10;V;2;2014;10;V;1;2014;10;V;2;2014;17;V;1;2014;11.25;V;2;2014
14005173;11.04;V;1;2014;13.55;V;1;2014;15;V;1;2014;10;V;2;2014;18.25;V;1;2014;15.5;V;1;2014;13.89;V;2;2014;11;V;1;2014;10.4;V;1;2014;11.75;V;1;2014;11.3;V;1;2014;11.13;V;1;2014;17;V;1;2014;12 097;V;1;2014
14005179;10.06;V;1;2014;7;NV;2;2014;7;NV;2;2014;0;NV;1;2014;;NV;2;2014;12;V;1;2014;7 043;NV;1;2014;5 075;NV;2;2014;10;V;2;2014;2.5;NRA;1;2014;5.2;NV;2;2014;3.51;NRA;1;2014;14.5;V;1;2014;6 798;NV;2;2014
14005183;9.25;NV;2;2014;8;NV;2;2014;7;NV;2;2014;1.5;NV;1;2014;4.25;NV;1;2014;11.5;V;1;2014;6 917;NV;2;2014;5;NV;2;2014;8;NV;2;2014;2.75;NRA;1;2014;10;V;2;2014;6.35;NV;2;2014;11.5;V;1;2014;7 267;NV;2;2014
14005186;10;V;2;2014;9;AC;2;2014;17.75;V;1;2014;10;V;2;2014;14.25;V;1;2014;11.75;V;1;2014;12 125;V;2;2014;16.5;V;1;2014;10;V;2;2014;13.25;V;1;2014;14.7;V;1;2014;10.54;V;1;2014;12.5;V;1;2014;12 915;V;2;2014
14005193;5.75;NV;2;2014;5;NV;2;2014;3.75;NV;1;2014;6;NV;2;2014;10;V;2;2014;10;V;1;2014;6.75;NV;2;2014;11;V;1;2014;8;NV;2;2014;1;NRA;1;2014;10;V;2;2014;10;V;2;2014;13.5;V;1;2014;8 917;NV;2;2014
14005197;10;V;2;2014;1.8;NV;1;2014;1;NV;1;2014;0;NV;1;2014;11.75;V;1;2014;10.5;V;1;2014;5 842;NV;2;2014;0;NRA;1;2014;10.2;V;1;2014;1;NRA;1;2014;10;V;2;2014;10;V;2;2014;13.5;V;1;2014;7.45;NV;2;2014
14005210;1.11;NV;1;2014;0;NV;1;2014;4.5;NV;1;2014;6.75;NV;2;2014;3.5;NV;1;2014;6;NV;2;2014;3 643;NV;2;2014;0;NRA;1;2014;0;NRA;1;2014;0;NRA;1;2014;0;NRA;1;2014;0;NRA;1;2014;0;NRA;1;2014;0;NV;2;2014
14005680;9.65;AC;2;2014;7.75;AC;2;2014;14.25;V;1;2014;12.25;V;1;2014;10.75;V;1;2014;11.25;V;1;2014;10 983;V;2;2014;5;NV;2;2014;8;NV;2;2014;7;NV;2;2014;6.1;NV;2;2014;1.3;NRA;1;2014;12.5;V;1;2014;6.65;NV;2;2014
14005681;4.65;NV;1;2014;2.6;NV;1;2014;7.5;NV;2;2014;1.5;NV;1;2014;;NV;2;2014;10;V;2;2014;4 958;NV;1;2014;0;NRA;1;2014;.8;NRA;1;2014;.5;NRA;1;2014;1.9;NRA;1;2014;1.95;NRA;1;2014;0;NRA;1;2014;.858;NV;2;2014
14005950;1.96;NV;1;2014;2.85;NV;1;2014;.75;NV;1;2014;.125;NV;1;2014;0;NV;1;2014;10;V;1;2014;2 614;NV;2;2014;3 575;NRA;1;2014;2.8;NRA;1;2014;1.5;NRA;1;2014;.6;NRA;1;2014;.57;NRA;1;2014;7.25;NV;2;2014;2 716;NV;2;2014
14005953;10.3;V;1;2014;13.1;V;1;2014;15.75;V;1;2014;10;V;1;2014;17.5;V;1;2014;11.75;V;1;2014;13 067;V;1;2014;13;V;1;2014;15.1;V;1;2014;12.75;V;1;2014;16.2;V;1;2014;16.27;V;1;2014;16;V;1;2014;14 887;V;1;2014
14005955;15.2;V;1;2014;15.25;V;1;2014;16.75;V;1;2014;12.25;V;1;2014;18.25;V;1;2014;17.25;V;1;2014;15 825;V;1;2014;14.5;V;1;2014;16.4;V;1;2014;16.25;V;1;2014;20;V;1;2014;18.86;V;1;2014;16.5;V;1;2014;17 085;V;1;2014
14005956;12.2;V;1;2014;13.8;V;1;2014;14.5;V;1;2014;10;V;1;2014;13;V;1;2014;12.75;V;1;2014;12 708;V;1;2014;16;V;1;2014;14.8;V;1;2014;14.5;V;1;2014;16.7;V;1;2014;16.39;V;1;2014;17;V;1;2014;15 898;V;1;2014
14005958;14;V;1;2014;15.05;V;1;2014;18.25;V;1;2014;10.75;V;1;2014;18.5;V;1;2014;17.25;V;1;2014;15 633;V;1;2014;16.5;V;1;2014;17;V;1;2014;18.25;V;1;2014;18.4;V;1;2014;16.15;V;1;2014;16.5;V;1;2014;17 133;V;1;2014
14005959;10;V;2;2014;10;V;1;2014;10.5;V;1;2014;1.5;NV;1;2014;15.75;V;1;2014;12.5;V;1;2014;10 042;NV;2;2014;11;V;1;2014;10.4;V;1;2014;7.5;AC;2;2014;11.8;V;1;2014;14.39;V;1;2014;14.5;V;1;2014;11 598;V;2;2014
14005960;0;NV;1;2014;0;NV;1;2014;0;NV;1;2014;0;NV;1;2014;0;NV;1;2014;3;NV;1;2014;.5;NV;2;2014;0;NRA;1;2014;0;NRA;1;2014;1;NRA;1;2014;0;NRA;1;2014;0;NRA;1;2014;11.5;V;1;2014;2 083;NV;2;2014
14005975;10.1;V;1;2014;7;NV;2;2014;14;V;1;2014;1;NV;1;2014;4;NV;1;2014;12;V;1;2014;8 017;NV;2;2014;11;V;1;2014;8;AC;2;2014;7;AC;2;2014;10;V;2;2014;11.1;V;1;2014;15.5;V;1;2014;10 433;V;2;2014
14006062;6.5;NV;2;2014;5;NV;2;2014;10;V;2;2014;0;NV;1;2014;;NV;2;2014;12.25;V;1;2014;6 217;NV;1;2014;0;NRA;1;2014;0;NRA;1;2014;0;NRA;1;2014;0;NRA;1;2014;0;NRA;1;2014;0;NRA;1;2014;0;NV;2;2014
14006235;10;V;1;2014;10.3;V;1;2014;14.75;V;1;2014;10;V;2;2014;13;V;1;2014;14;V;1;2014;12 008;V;2;2014;7.9;AC;2;2014;11.4;V;1;2014;10;V;1;2014;10.1;V;1;2014;8.36;AC;2;2014;15.5;V;1;2014;10 543;V;2;2014
14006337;3.96;NV;1;2014;5.5;NV;2;2014;10;V;1;2014;10 625;V;1;2014;11.2;V;1;2014;10;V;2;2014;8 548;NV;2;2014;10;V;2;2014;10;V;1;2014;4;NRA;1;2014;10;V;2;2014;10;V;2;2014;12;V;1;2014;9 333;NV;2;2014
14007104;7.5;NV;2;2014;4.6;NV;1;2014;10.75;V;1;2014;.125;NV;1;2014;;NV;2;2014;14.5;V;1;2014;7 039;NV;1;2014;10;V;2;2014;10;V;2;2014;7;AC;2;2014;10.2;V;1;2014;10.01;V;1;2014;14.5;V;1;2014;10 285;V;2;2014
14007131;11.4;V;1;2014;11.35;V;1;2014;15;V;1;2014;10;V;1;2014;16.5;V;1;2014;9;AC;2;2014;12 208;V;2;2014;14;V;1;2014;16.4;V;1;2014;13.5;V;1;2014;18.3;V;1;2014;12.93;V;1;2014;18;V;1;2014;15 522;V;1;2014
