COD_ETU;Note : TLMP3104;Résultat : TLMP3104;Session : TLMP3104;Année : TLMP3104;Note : TLMP3204;Résultat : TLMP3204;Session : TLMP3204;Année : TLMP3204;Note : TLMP3304;Résultat : TLMP3304;Session : TLMP3304;Année : TLMP3304;Note : TLMP3404;Résultat : TLMP3404;Session : TLMP3404;Année : TLMP3404;Note : TLMP3504;Résultat : TLMP3504;Session : TLMP3504;Année : TLMP3504;Note : TLMP3604;Résultat : TLMP3604;Session : TLMP3604;Année : TLMP3604;Note : TLMP3004;Résultat : TLMP3004;Session : TLMP3004;Année : TLMP3004;Note : TLMP4104;Résultat : TLMP4104;Session : TLMP4104;Année : TLMP4104;Note : TLMP4204;Résultat : TLMP4204;Session : TLMP4204;Année : TLMP4204;Note : TLMP4304;Résultat : TLMP4304;Session : TLMP4304;Année : TLMP4304;Note : TLMP4404;Résultat : TLMP4404;Session : TLMP4404;Année : TLMP4404;Note : TLMP4504;Résultat : TLMP4504;Session : TLMP4504;Année : TLMP4504;Note : TLMP4604;Résultat : TLMP4604;Session : TLMP4604;Année : TLMP4604;Note : TLMP4004;Résultat : TLMP4004;Session : TLMP4004;Année : TLMP4004
9004189;;;;;;;;;;;;;10;V;2;2014;;;;;12.75;V;1;2014;;;1;2014;;;;;;;1;2014;;;;;;;;;5.55;NV;2;2014;;;;;;;1;2014
10006514;0;NRA;1;2014;;;1;2014;0;NRA;1;2014;10;V;2;2013;0;NRA;1;2014;0;NRA;1;2014;;;1;2014;;;1;2014;;;1;2014;0;NRA;1;2014;;;1;2014;;;1;2014;0;NRA;1;2014;;;1;2014
10008966;;;;;10;V;2;2014;3.9;NRA;1;2014;11;V;1;2013;;;;;13.25;V;1;2014;;;1;2014;2.8;NRA;1;2014;10;V;2;2014;3.1;NRA;1;2014;;;;;7.65;NV;2;2014;;;;;;;1;2014
10009551;0;NRA;1;2014;;;1;2014;0;NRA;1;2014;0;NRA;1;2014;0;NRA;1;2014;0;NRA;1;2014;;;1;2014;;;1;2014;;;1;2014;0;NRA;1;2014;;;1;2014;;;1;2014;;;1;2014;;;1;2014
10009715;0;NRA;1;2014;;;1;2014;0;NRA;1;2014;0;NRA;1;2014;0;NRA;1;2014;0;NRA;1;2014;;;1;2014;;;1;2014;;;1;2014;0;NRA;1;2014;;;1;2014;;;1;2014;;;1;2014;;;1;2014
10009883;10.65;V;1;2014;7.5;AC;2;2014;8;AC;2;2014;15 125;V;1;2014;10.16;V;1;2013;10.75;V;1;2014;10 364;V;2;2014;7;AC;2;2014;10;V;1;2014;8;AC;2;2014;15;V;1;2014;10;V;2;2013;10;V;2;2013;10;V;2;2014
10009927;;;;;10.25;V;1;2013;0;NRA;1;2014;10;V;2;2013;0;NRA;1;2014;0;NRA;1;2014;;;1;2014;;;;;;;1;2014;.8;NRA;1;2014;;;1;2014;3.6;NRA;1;2014;;;;;;;1;2014
10048519;10;V;2;2014;11.5;V;1;2014;7;AC;2;2014;10;V;2;2013;14.13;V;1;2013;8.4;AC;2;2014;10 172;V;2;2014;10;V;2;2014;10;V;1;2014;7;AC;2;2014;7;AC;2;2014;13.05;V;1;2014;10;V;2;2014;9 508;AC;2;2014
11010123;10 736;RAT;1;2014;10;V;2;2014;4;NRA;1;2014;10.3;V;1;2013;8.5;NV;2;2014;12;V;1;2014;9 256;NV;2;2014;2.95;NRA;1;2014;10;V;2;2014;;;;;10.75;V;1;2014;11.2;V;1;2014;;;;;;;1;2014
11010608;;;;;;;;;;;;;10;V;1;2012;;;;;0;NRA;1;2014;;;1;2014;;;1;2014;;;1;2014;;;;;;;;;;;1;2014;;;;;;;1;2014
11010987;10;V;2;2014;15;V;1;2014;8.2;AC;2;2014;9;AC;2;2014;10;V;1;2013;11.75;V;1;2014;10 658;V;2;2014;;;;;10;V;2;2014;;;;;10;V;2;2014;13 425;V;1;2014;11;V;1;2014;;;1;2014
11011128;10;V;1;2014;8;NV;2;2014;4.1;NRA;1;2014;10;V;2;2013;6.6;NV;2;2014;10.75;V;1;2014;8 242;NV;2;2014;3.25;NRA;1;2014;10;V;2;2014;;;;;7.5;NV;2;2014;7.15;NV;2;2014;;;;;;;1;2014
11012350;3.1;NRA;1;2014;1.5;NRA;1;2014;2.6;NRA;1;2014;12.5;V;1;2013;10;V;2;2013;8.5;NV;2;2014;6 367;NV;2;2014;;;;;;;1;2014;;;;;;;1;2014;;;1;2014;;;1;2014;;;1;2014
11012739;10.9;V;1;2014;8;NV;2;2014;7;NV;2;2014;10.5;V;1;2013;8.1;AC;2;2013;13.5;V;1;2014;9 667;;2;2014;7;NV;2;2014;10;V;2;2014;3.2;NRA;1;2014;7 625;NV;2;2014;11.65;V;1;2014;6.45;NV;2;2014;7 654;NV;2;2014
11013552;;;;;5;NV;2;2014;.4;NRA;1;2014;10;V;2;2013;;;;;12;V;1;2014;;;1;2014;;;1;2014;;;1;2014;.4;NRA;1;2014;4.75;NRA;1;2014;;;1;2014;;;;;;;1;2014
11013716;10;V;2;2014;13.25;V;1;2014;10;V;2;2014;10;V;2;2013;10;V;1;2011;11;V;1;2014;10 708;V;2;2014;5 025;NV;2;2014;10;V;2;2014;6;NV;2;2014;10;V;2;2014;7;NV;2;2014;10;V;2;2014;8 004;NV;2;2014
11013749;10;V;2;2014;10;V;2;2014;8.3;AC;2;2014;10;V;1;2013;13.6;V;1;2012;14;V;1;2014;10 983;V;2;2014;10;V;2;2014;11;V;1;2014;10;V;2;2014;10;V;2;2014;15 075;V;1;2014;13.8;V;1;2014;11 646;V;2;2014
11013765;0;NRA;1;2014;;;1;2014;0;NRA;1;2014;0;NRA;1;2014;;;1;;0;NRA;1;2014;;;1;2014;;;1;2014;;;1;2014;;;;;;;1;2014;;;1;2014;;;;;;;1;2014
11013788;;;;;;;;;;;;;10.75;V;1;2013;10.01;;1;2014;14.5;V;1;2014;;;1;2014;;;;;;;1;2014;;;;;12;V;1;2014;3.3;NRA;1;2014;;;;;;;1;2014
11013800;7;NV;2;2014;4;NRA;1;2014;3;NRA;1;2014;6.25;NV;2;2014;10;V;1;2012;14;V;1;2014;7 375;NV;2;2014;;;1;2014;0;NRA;1;2014;0;NRA;1;2014;;;1;2014;;;1;2014;0;NRA;1;2014;;;1;2014
11013929;;;1;2014;2;NRA;1;2014;.4;NRA;1;2014;10;V;2;2013;9.4;AC;1;2013;8.5;NV;2;2014;;;1;2014;2 525;NRA;1;2014;2;NRA;1;2014;2.9;NRA;1;2014;;;1;2014;10 975;V;1;2014;8.4;NV;2;2014;;;1;2014
11013944;11.1;V;1;2014;7;NV;2;2014;4.1;NRA;1;2014;10;V;2;2013;8.9;AC;1;2012;10;V;1;2014;8 517;NV;2;2014;5 525;NV;2;2014;4;NRA;1;2014;4;NRA;1;2014;8.25;NV;2;2014;5.9;NV;2;2014;10;V;1;2014;6 279;NV;2;2014
11013957;;;;;;;;;;;;;0;NRA;1;2014;;;;;0;NRA;1;2014;;;1;2014;;;1;2014;;;1;2014;;;;;;;;;;;1;2014;;;1;2014;;;1;2014
11013963;10.5;V;1;2014;10;V;1;2014;7;AC;2;2014;12.7;V;1;2012;7.13;AC;2;2014;13;V;1;2014;10 055;V;2;2014;;;;;;;1;2014;7;NV;2;2014;10;V;2;2014;5.01;NV;2;2014;;;;;;;1;2014
11014050;3.1;NRA;1;2014;;;1;2014;1;NRA;1;2014;10.5;V;1;2013;7.63;AC;1;2012;5.5;NV;2;2014;;;1;2014;;;1;2014;;;1;2014;0;NRA;1;2014;;;1;2014;;;1;2014;;;1;2014;;;1;2014
11014112;;;;;;;;;;;;;8.5;NV;2;2014;;;;;14.25;V;1;2014;;;1;2014;;;;;;;1;2014;;;;;;;;;3 675;NRA;1;2014;4;NRA;1;2014;;;1;2014
11015183;11 225;V;1;2013;11;V;1;2013;;;;;13.5;V;1;2013;10;V;1;2011;;;;;11 606;V;1;2013;7;AC;2;2014;12;V;1;2014;10;V;2;2014;12 875;V;1;2014;10.7;V;1;2013;10.7;V;1;2013;10 546;V;2;2014
11015203;10;V;2;2014;2;NRA;1;2014;.6;NRA;1;2014;12.5;V;1;2014;10;V;2;2013;10;V;2;2014;7 517;NV;2;2014;1.45;NRA;1;2014;3;NRA;1;2014;;;1;2014;;;;;7.75;NV;2;2014;9.1;NV;2;2014;;;1;2014
11015208;10;V;2;2014;3;NRA;1;2014;6.4;NV;2;2014;10;V;1;2013;12.27;V;1;2014;13.25;V;1;2014;9 153;;2;2014;2.45;NRA;1;2014;10;V;2;2014;3.4;NRA;1;2014;13.75;V;1;2014;15;V;1;2014;10;V;2;2014;9.1;NV;2;2014
11015302;1.6;NRA;1;2014;;;1;2014;1.6;NRA;1;2014;0;NRA;1;2014;1.8;NRA;1;2014;0;NRA;1;2014;;;1;2014;;;1;2014;;;1;2014;;;;;;;1;2014;;;;;;;;;;;1;2014
11015429;10.7;V;1;2014;9.25;AC;2;2014;8.5;AC;2;2014;12.15;V;1;2013;13.22;V;1;2013;10;V;1;2014;10 637;V;2;2014;7.15;AC;2;2014;10;V;2;2014;8.2;AC;2;2014;11.5;V;1;2014;14;V;1;2013;14;V;1;2013;10 808;V;2;2014
11015451;0;NRA;1;2014;7;NV;2;2014;4.4;NRA;1;2014;7.13;AC;2;2013;8.36;AC;1;2011;14;V;1;2014;6 815;NV;2;2014;;;1;2014;;;1;2014;1.4;NRA;1;2014;;;1;2014;;;1;2014;3.4;NRA;1;2014;;;1;2014
12005183;10.1;V;1;2014;11;V;1;2014;7.5;AC;2;2014;10.75;V;1;2013;13.08;V;1;2013;14.5;V;1;2014;11 155;V;2;2014;10;V;2;2014;10;V;2;2014;7.1;AC;2;2014;13.5;V;1;2014;10;V;1;2013;10;V;1;2013;10.1;V;2;2014
12005753;0;NRA;1;2014;;;1;2014;0;NRA;1;2014;0;NRA;1;2014;10.53;V;1;2012;0;NRA;1;2014;;;1;2014;;;1;2014;;;1;2014;;;;;;;1;2014;;;1;2014;0;NRA;1;2014;;;1;2014
12005917;7;NV;2;2014;5;NV;2;2014;10.05;V;1;2014;6.25;NV;2;2014;10;V;2;2013;13;V;1;2014;8.55;NV;2;2014;;;;;;;1;2014;;;;;9;NV;2;2014;15;V;1;2014;8.5;NV;2;2014;;;1;2014
12006038;;;;;;;;;;;;;10;V;1;2014;;;;;10 875;V;1;2014;;;1;2014;8.2;NV;2;2014;10;V;2;2014;;;;;;;;;11.84;V;1;2014;10;V;1;2014;;;1;2014
12006134;;;;;;;1;2014;6;NV;2;2014;;;;;;;;;10.5;V;1;2014;;;1;2014;;;;;;;1;2014;;;;;8.5;NV;2;2014;10;V;2;2014;2.25;NRA;1;2014;;;1;2014
12006151;;;;;4.5;NRA;1;2014;;;;;;;;;10;V;2;2013;12.5;V;1;2014;;;1;2014;;;;;;;1;2014;4;NRA;1;2014;;;;;17.45;V;1;2014;11.5;V;1;2014;;;1;2014
12006272;14.4;V;1;2014;10.5;V;1;2014;8.7;AC;2;2014;10 875;V;1;2014;11.3;V;1;2013;10;V;2;2014;10 963;V;2;2014;10 625;V;1;2014;13;V;1;2014;12.2;V;1;2014;14;V;1;2014;18.6;V;1;2014;15.7;V;1;2014;14 021;V;1;2014
12006295;14.3;V;1;2014;15;V;1;2014;8.8;AC;2;2014;13.25;V;1;2014;12.7;V;1;2013;13;V;1;2014;12 842;V;2;2014;12.75;V;1;2014;12;V;1;2014;10;V;2;2014;10.75;V;1;2014;18.75;V;1;2014;16;V;1;2014;13 375;V;2;2014
12006310;10;V;2;2014;10;V;1;2014;10.05;V;1;2014;13;V;1;2014;10.4;V;1;2013;11 375;V;1;2014;10 804;V;2;2014;10;V;2;2014;12;V;1;2014;;;;;10 125;V;1;2014;10;V;2;2014;13.5;V;1;2014;;;1;2014
12006434;11.2;V;1;2014;10;V;2;2014;7.2;AC;2;2014;10;V;2;2013;10.2;V;1;2012;16.25;V;1;2014;10 808;V;2;2014;12.25;V;1;2014;10;V;2;2014;9.1;AC;2;2014;10;V;2;2014;10;V;2;2013;10;V;2;2013;10 225;V;2;2014
12006438;;;;;7;NV;2;2014;7.6;NV;2;2014;;;;;;;;;10.75;V;1;2014;;;1;2014;;;1;2014;0;NRA;1;2014;0;NRA;1;2014;;;1;2014;;;1;2014;1.4;NRA;1;2014;;;1;2014
12006605;8;AC;2;2014;13.5;V;1;2014;7;AC;2;2014;13.75;V;1;2014;11.3;V;1;2013;11;V;1;2014;10 758;V;2;2014;5.9;NV;2;2014;10;V;1;2014;;;;;10;V;2;2014;;;1;2014;10;V;2;2014;;;1;2014
12006625;10;V;2;2014;10;V;2;2014;7;AC;2;2014;10;V;2;2014;11;V;1;2013;13.5;V;1;2014;10.25;V;2;2014;4.4;NRA;1;2014;10;V;2;2014;3.6;NRA;1;2014;12;V;1;2014;7 825;NV;2;2014;8.3;NV;2;2014;7 688;NV;2;2014
12006656;13;V;1;2014;15;V;1;2014;10;V;2;2014;13.75;V;1;2014;10;V;2;2013;10.5;V;1;2014;12 042;V;2;2014;9;AC;2;2014;10;V;2;2014;10;V;2;2014;12.25;V;1;2014;16.05;V;1;2014;14.2;V;1;2014;11 917;V;2;2014
12007186;;;;;;;;;;;;;;;;;;;;;;;;;;;1;2014;1.8;NRA;1;2014;3;NRA;1;2014;;;;;;;;;3.55;NRA;1;2014;.35;NRA;1;2014;;;1;2014
12009725;0;NRA;1;2014;;;1;2014;0;NRA;1;2014;0;NRA;1;2014;0;NRA;1;2014;0;NRA;1;2014;;;1;2014;;;1;2014;;;1;2014;0;NRA;1;2014;;;1;2014;;;1;2014;;;1;2014;;;1;2014
12009985;15.9;V;1;2014;13;V;1;2014;10;V;1;2014;14;V;1;2014;7;AC;1;2012;16.25;V;1;2014;12 692;V;2;2014;;;1;2014;13;V;1;2014;10.4;V;1;2014;13.5;V;1;2014;19.05;V;1;2014;14.7;V;1;2014;;;1;2014
12010322;10.6;V;1;2014;10;V;2;2014;10;V;1;2014;10;V;2;2014;12;V;1;2014;15.25;V;1;2014;11 308;V;2;2014;9;AC;2;2014;10;V;2;2014;11.4;V;1;2014;11;V;1;2014;10.9;V;2;2014;16.6;V;1;2014;11 483;V;2;2014
12010473;;;;;;;;;;;;;;;;;;;;;;;;;;;1;2014;;;;;;;1;2014;;;;;;;;;;;1;2014;;;;;;;1;2014
12010798;0;NRA;1;2014;;;1;2014;0;NRA;1;2014;10.25;V;1;2013;12.93;V;1;2012;0;NRA;1;2014;;;1;2014;;;1;2014;;;1;2014;0;NRA;1;2014;;;1;2014;10;V;2;2013;10;V;2;2013;;;1;2014
12010815;10;V;2;2014;14;V;1;2014;7;AC;2;2014;10;V;2;2013;10;;1;2014;15.25;V;1;2014;11 042;V;2;2014;2 475;NRA;1;2014;10;V;2;2014;3.4;NRA;1;2014;11.5;V;1;2014;13.75;V;1;2014;4.6;NRA;1;2014;7 621;NV;2;2014
12010826;7;AC;2;2014;10;V;2;2014;8;AC;2;2014;10 875;V;1;2013;11.8;V;1;2012;14.75;V;1;2014;10 404;V;2;2014;3.2;NRA;1;2014;10;V;1;2014;4;NRA;1;2014;11.25;V;1;2014;15;V;1;2014;11.9;V;1;2014;9 225;NV;2;2014
12010834;10.6;V;1;2014;7;NV;2;2014;7;NV;2;2014;10 407;V;1;2013;10.98;V;1;2013;14 125;V;1;2014;10 019;V;2;2014;3 875;NRA;1;2014;10;V;2;2014;4;NRA;1;2014;10;V;2;2014;10;V;2;2014;10;V;2;2014;7 979;NV;2;2014
12010844;10;V;2;2014;7;AC;2;2014;7;AC;2;2014;10;V;2;2013;10;V;1;2012;15 875;V;1;2014;9 979;AC;2;2014;10;V;2;2014;10;V;2;2014;10;V;2;2014;10;V;2;2014;10.8;V;1;2014;9.2;AC;2;2014;10;V;2;2014
12010858;11.8;V;1;2014;10;V;1;2014;7;AC;2;2014;14 375;V;1;2013;10;V;1;2012;16.25;V;1;2014;11 571;V;2;2014;10;V;2;2014;10;V;2;2014;8;AC;2;2014;12.75;V;1;2014;15.6;V;1;2014;15.8;V;1;2014;12 025;V;2;2014
12010861;12.4;V;1;2014;7;AC;2;2014;10.1;V;1;2014;10;V;1;2014;11.6;V;1;2012;11.5;V;1;2014;10 433;V;2;2014;;;1;2014;1;NRA;1;2014;.4;NRA;1;2014;2.75;NRA;1;2014;;;1;2014;4.4;NRA;1;2014;;;1;2014
12010881;2.6;NRA;1;2014;3.75;NRA;1;2014;7.3;NV;2;2014;10 125;V;1;2013;10;V;1;2012;13.75;V;1;2014;7 921;NV;2;2014;;;1;2014;;;1;2014;.4;NRA;1;2014;5;NV;2;2014;4.2;NRA;1;2014;;;1;2014;;;1;2014
12010886;13.8;V;1;2014;10.5;V;1;2014;10.8;V;1;2014;7.25;AC;2;2014;15.39;V;1;2014;10.5;V;1;2014;11 373;V;2;2014;10.15;V;1;2014;14;V;1;2014;10.1;V;1;2014;7;NV;2;2014;12 175;V;1;2014;17.7;V;1;2014;11 854;V;2;2014
12010914;10;V;2;2013;7;AC;2;2014;7.5;AC;2;2014;12 075;V;1;2013;11.12;V;1;2013;15.25;V;1;2014;10 491;V;2;2014;1.3;NRA;1;2014;10;V;2;2014;3.7;NRA;1;2014;10;V;2;2014;11 475;V;1;2014;10;V;1;2014;7 746;NV;2;2014
12010929;9;AC;2;2014;10;V;2;2013;10;V;2;2014;10.85;V;1;2013;11.27;V;1;2012;15.25;V;1;2014;11 062;V;2;2014;;;1;2014;10;V;2;2014;7.8;NV;2;2014;12.75;V;1;2014;13 625;V;1;2014;10.9;V;1;2014;;;1;2014
12010946;12.8;V;1;2014;10;V;2;2014;7.6;AC;2;2014;10;V;1;2013;10;V;1;2012;13.5;V;1;2014;10.65;V;2;2014;10;V;2;2014;11;V;1;2014;10.2;V;1;2014;9;AC;2;2014;12 325;V;1;2014;10.8;V;1;2014;10 554;V;2;2014
12010949;7;AC;2;2014;7;AC;2;2014;8.5;AC;2;2014;12.5;V;1;2014;10;V;1;2012;15;V;1;2014;10;V;2;2014;9;AC;2;2014;11;V;1;2014;10.9;V;1;2014;11.75;V;1;2014;7;AC;2;2014;10.6;V;1;2014;10 042;V;2;2014
12010951;15;V;1;2014;11;V;1;2014;7;AC;2;2014;11;V;1;2013;11.33;V;1;2012;10;V;2;2014;10 888;V;2;2014;;;1;2014;10;V;2;2014;3.8;NRA;1;2014;;;1;2014;18.5;V;2;2014;15.6;V;2;2014;;;1;2014
12010961;11.3;V;1;2014;4;NRA;1;2014;1.3;NRA;1;2014;10.25;V;1;2014;10.3;V;1;2012;12.25;V;1;2014;8 233;NV;2;2014;;;;;;;1;2014;;;;;10.25;V;1;2014;14.9;V;1;2014;11.1;V;1;2014;;;1;2014
12010963;0;NRA;1;2014;;;1;2014;0;NRA;1;2014;0;NRA;1;2014;0;NRA;1;2014;0;NRA;1;2014;;;1;2014;;;1;2014;0;NRA;1;2014;0;NRA;1;2014;;;1;2014;;;1;2014;0;NRA;1;2014;;;1;2014
12010968;;;;;;;;;;;;;;;;;;;;;0;NRA;1;2014;;;1;2014;;;;;;;1;2014;;;;;;;;;;;;;;;;;;;1;2014
12010972;15.9;V;1;2014;10;V;1;2014;10;V;2;2014;10.3;V;1;2013;10.64;V;1;2012;13;V;1;2014;11.64;V;2;2014;9;AC;2;2014;8;AC;2;2014;10.4;V;1;2014;12.25;V;1;2014;18.6;V;1;2014;18.6;V;1;2014;12 808;V;2;2014
12010980;11.7;V;1;2014;10;V;1;2014;8.3;AC;2;2014;10.3;V;1;2013;14.44;V;1;2012;14.25;V;1;2014;11 498;V;2;2014;11.55;V;1;2014;10;V;2;2014;7.5;AC;2;2014;11.75;V;1;2014;10.1;V;1;2013;10.1;V;1;2013;10 167;V;2;2014
12010983;13.9;V;1;2014;11.75;V;1;2014;8;AC;2;2014;11;V;1;2013;11.6;V;1;2012;16.25;V;1;2014;12 083;V;2;2014;8;AC;2;2014;10;V;2;2014;8;AC;2;2014;10.25;V;1;2014;13 425;V;1;2014;13.4;V;1;2014;10 513;V;2;2014
12011082;10;V;1;2014;11;V;1;2014;10;V;1;2014;14 375;V;1;2013;10.75;V;1;2013;14.75;V;1;2014;11 813;V;1;2014;8;AC;2;2014;10;V;1;2014;10.6;V;1;2014;12.25;V;1;2014;10.6;V;1;2013;10.6;V;1;2013;10 342;V;2;2014
12011117;10;V;2;2014;9;AC;2;2014;10.8;V;1;2014;10;V;2;2013;13.17;V;1;2013;11 625;V;1;2014;10 766;V;2;2014;;;1;2014;10;V;1;2014;6.6;NV;2;2014;10;V;2;2014;3.5;NRA;1;2014;12.45;V;1;2014;;;1;2014
12011119;;;;;;;;;;;;;0;NRA;1;2014;;;;;0;NRA;1;2014;;;1;2014;;;;;;;1;2014;;;;;;;;;;;1;2014;;;1;2014;;;1;2014
12011124;;;;;15;V;1;2014;10.3;V;1;2014;;;;;;;;;;;;;;;1;2014;9;NV;2;2014;10;V;2;2014;7.5;NV;2;2014;10;V;2;2014;11.85;V;1;2014;7.9;NV;2;2014;9 375;NV;2;2014
12011126;10;V;2;2014;17.5;V;1;2014;7.3;AC;2;2014;10;V;2;2013;12.86;V;1;2013;10;V;2;2014;11 277;V;2;2014;3.7;NRA;1;2014;7;NV;2;2014;4.6;NRA;1;2014;8 125;NV;2;2014;7.25;NV;2;2014;8;NV;2;2014;6 446;NV;2;2014
12011139;10.3;V;1;2014;9;AC;2;2014;8.2;AC;2;2014;11.25;V;1;2014;11.76;V;1;2013;13.5;V;1;2014;10 668;V;2;2014;10;V;2;2014;10;V;2;2014;7.5;AC;2;2014;10 125;V;1;2014;16 875;V;1;2014;12.2;V;1;2014;11 117;V;2;2014
12011141;11;V;1;2014;9.5;AC;2;2014;8.3;AC;2;2014;11.05;V;1;2013;10.04;V;1;2012;14.5;V;1;2014;10 732;V;2;2014;7;AC;2;2014;10;V;2;2014;8.9;AC;2;2014;10;V;2;2014;14.2;V;1;2014;12.4;V;1;2014;10 417;V;2;2014
12011259;10;V;2;2013;10;V;2;2013;10;V;1;2014;10;V;1;2013;10;V;1;2012;10;V;2;2014;10;V;2;2014;7;AC;2;2014;7;AC;2;2014;9;AC;2;2014;11;V;1;2014;10;V;2;2013;10;V;2;2013;9;AC;2;2014
12011274;10;V;2;2014;11.25;V;1;2014;10;V;2;2014;14.25;V;1;2014;11.21;V;1;2013;15.5;V;1;2014;12 035;V;2;2014;7;AC;2;2014;10;V;2;2014;10;V;2;2014;13;V;1;2014;10.65;V;1;2014;14.3;V;1;2014;10 825;V;2;2014
12011277;.15;NRA;1;2014;2.75;NRA;1;2014;3.5;NRA;1;2014;13.5;V;1;2014;6.57;NV;2;2014;12;V;1;2014;6 412;NV;2;2014;;;;;;;1;2014;;;;;6.25;NV;2;2014;3.75;NRA;1;2014;;;;;;;1;2014
12011304;8;AC;2;2014;14;V;1;2014;8;AC;2;2014;10;V;1;2013;10;V;2;2013;14;V;1;2014;10 667;V;2;2014;7.95;AC;2;2014;11;V;1;2014;9.1;AC;2;2014;13;V;1;2014;;;;;14;V;1;2014;10 675;V;2;2014
12011308;7.6;AC;2;2014;10;V;2;2014;10.1;V;1;2014;17;V;1;2014;14.15;V;1;2013;13.5;V;1;2014;12 058;V;2;2014;7 325;AC;2;2014;13;V;1;2014;7;AC;2;2014;10;V;1;2014;10;V;2;2014;11.75;V;1;2014;9 846;AC;2;2014
12011313;1.9;NRA;1;2014;4.75;NRA;1;2014;8;NV;2;2014;10;V;2;2013;10;V;1;2012;14.5;V;1;2014;8 192;NV;2;2014;10;V;2;2014;10;V;2;2014;10;V;2;2014;10.25;V;1;2014;10.15;V;1;2013;10.15;V;1;2013;10 092;V;2;2014
12011316;;;;;;;;;;;;;0;NRA;1;2014;;;;;0;NRA;1;2014;;;1;2014;;;;;;;1;2014;;;;;;;;;;;1;2014;;;;;;;1;2014
12011324;10;V;2;2014;10.5;V;1;2014;7.7;AC;2;2014;14;V;1;2014;13.52;V;1;2013;13.25;V;1;2014;11 495;V;2;2014;7;AC;2;2014;10;V;2;2014;8;AC;2;2014;11;V;1;2014;10;V;2;2014;9.2;AC;2;2014;9.2;AC;2;2014
12011325;10.3;V;1;2014;7.75;AC;2;2014;8.7;AC;2;2014;16 625;V;1;2014;11.4;V;1;2013;12.75;V;1;2014;11 254;V;2;2014;10;V;2;2014;10;V;1;2014;7;AC;2;2014;9.5;AC;2;2014;17.5;V;1;2014;12.45;V;1;2014;11 075;V;2;2014
12011326;10;V;1;2014;4;NRA;1;2014;7;NV;2;2014;10.75;V;1;2014;5;NV;2;2014;15.25;V;1;2014;8 667;NV;2;2014;3.95;NRA;1;2014;4;NRA;1;2014;;;;;10;V;2;2014;11 325;V;1;2014;;;;;;;1;2014
12011374;8;NV;2;2014;2.5;NRA;1;2014;2.75;NRA;1;2014;7;NV;2;2014;2.8;NRA;1;2014;.5;NRA;1;2014;3 925;NV;2;2014;;;;;;;1;2014;;;;;;;1;2014;;;;;;;;;;;1;2014
12011380;10;V;2;2014;2.25;NRA;1;2014;3.1;NRA;1;2014;4 125;NRA;1;2014;10;V;2;2013;10.25;V;1;2014;6 621;NV;2;2014;;;;;4;NRA;1;2014;;;;;9;NV;2;2014;1.95;NRA;1;2014;;;1;2014;;;1;2014
12011383;10;V;2;2014;3;NRA;1;2014;7;NV;2;2014;11.8;V;1;2013;10;V;1;2012;10;V;2;2014;8 633;NV;2;2014;7;NV;2;2014;7;NV;2;2014;1.8;NRA;1;2014;8;NV;2;2014;15 975;V;1;2014;10.4;V;1;2014;8 363;NV;2;2014
12011391;10.55;V;1;2014;12.25;V;1;2014;10;V;2;2014;13.3;V;1;2013;10.07;V;1;2012;13.75;V;1;2014;11 653;V;2;2014;11;V;1;2014;12;V;1;2014;10.04;V;1;2014;10;V;2;2014;10;V;2;2013;10;V;2;2013;10 507;V;2;2014
12011401;10 063;V;1;2013;10;V;1;2014;8.2;AC;2;2014;13 125;V;1;2014;12.1;V;1;2012;14.75;V;1;2014;11 373;V;2;2014;10;V;2;2014;14;V;1;2014;12.5;V;1;2014;10.25;V;1;2014;17.7;V;1;2014;17.3;V;1;2014;13 625;V;2;2014
12011405;;;;;7.75;NV;2;2014;8.7;NV;2;2014;11 125;V;1;2014;10;V;1;2012;13 125;V;1;2014;;;1;2014;9;NV;2;2014;4;NRA;1;2014;8;NV;2;2014;10.5;V;1;2014;10.05;V;1;2014;12.75;V;1;2014;9.05;NV;2;2014
12011434;0;NRA;1;2014;;;1;2014;0;NRA;1;2014;0;NRA;1;2014;0;NRA;1;2014;0;NRA;1;2014;;;1;2014;;;1;2014;;;1;2014;;;;;;;1;2014;;;;;;;;;;;1;2014
12011443;11.8;V;1;2014;8;NV;2;2014;10.1;V;1;2014;7;NV;2;2014;11.4;V;1;2012;12.25;V;1;2014;10 092;V;2;2014;3.95;NRA;1;2014;7;NV;2;2014;2.4;NRA;1;2014;9.5;NV;2;2014;11.05;V;1;2014;10.1;V;1;2014;7 333;NV;2;2014
12011538;0;NRA;1;2014;;;1;2014;0;NRA;1;2014;0;NRA;1;2014;;;1;2014;0;NRA;1;2014;;;1;2014;;;1;2014;;;1;2014;;;;;;;1;2014;;;1;2014;0;NRA;1;2014;;;1;2014
12011565;10.5;V;1;2014;8.25;AC;2;2014;7.7;AC;2;2014;16.5;V;1;2014;10.4;V;1;2012;10;V;1;2014;10 558;V;2;2014;9;AC;2;2014;13;V;1;2014;10;V;2;2014;12.5;V;1;2014;11.7;V;1;2014;12.7;V;1;2014;11 483;V;2;2014
12011568;10.2;V;1;2014;10;V;2;2014;9.2;NV;2;2014;8 625;NV;2;2014;10.24;V;1;2013;12.25;V;1;2014;10 086;V;2;2014;7 425;AC;2;2014;10;V;2;2014;10;V;2;2014;11.25;V;1;2014;9.85;AC;2;2014;15;V;1;2014;10 588;V;2;2014
12011574;0;NRA;1;2014;;;1;2014;3.4;NRA;1;2014;0;NRA;1;2014;10;V;2;2013;8 875;NV;2;2014;;;1;2014;1 675;NRA;1;2014;4;NRA;1;2014;;;;;;;1;2014;6.3;NV;2;2014;6.65;NV;2;2014;;;1;2014
12011576;10;V;1;2014;11.5;V;1;2014;8;AC;2;2014;10;V;2;2013;10.11;V;1;2012;13.25;V;1;2014;10 477;V;2;2014;2 425;NRA;1;2014;10;V;2;2014;3.8;NRA;1;2014;11 625;V;1;2014;10.2;V;1;2013;10.2;V;1;2013;8 042;NV;2;2014
12011586;0;NRA;1;2014;10;V;2;2013;0;NRA;1;2014;0;NRA;1;2014;0;NRA;1;2014;0;NRA;1;2014;1 667;NV;2;2014;;;1;2014;;;1;2014;;;;;;;1;2014;;;;;;;1;2014;;;1;2014
12011589;13.4;V;1;2014;14;V;1;2014;7.5;AC;2;2014;11.8;V;1;2013;11.61;V;1;2013;11.5;V;1;2014;11 635;V;2;2014;7;AC;2;2014;10;V;2;2014;7;AC;2;2014;10.5;V;1;2014;13.4;V;1;2014;10.6;V;1;2014;9.75;AC;2;2014
12011591;2.5;NRA;1;2014;7;NV;2;2014;11.5;V;1;2014;8;NV;2;2014;10;V;1;2012;4;NRA;1;2014;7 167;NV;2;2014;7;AC;2;2014;12;V;1;2014;7.5;AC;2;2014;12.5;V;1;2014;19 825;V;1;2014;11.6;V;1;2014;11 738;V;2;2014
12011632;10;V;2;2014;12;V;1;2014;7.6;AC;2;2014;10.8;V;1;2013;10.06;V;1;2012;12.5;V;1;2014;10 493;V;2;2014;2.95;NRA;1;2014;10;V;2;2014;2.9;NRA;1;2014;9 125;NV;2;2014;5.25;NV;2;2014;7.5;NV;2;2014;6 288;NV;2;2014
12011633;11.7;V;1;2014;9.2;AC;2;2014;8;AC;2;2014;10;V;2;2013;10;V;1;2012;11.5;V;1;2014;10 067;V;2;2014;10;V;2;2014;10;V;2;2014;10;V;2;2014;9.25;AC;2;2014;13 575;V;1;2014;12.1;V;1;2014;10 821;V;2;2014
12011649;10;V;2;2014;11;V;1;2014;7;AC;2;2014;10;V;1;2013;8.53;AC;1;2012;14;V;1;2014;10 088;V;2;2014;5 525;NV;2;2014;4;NRA;1;2014;7;NV;2;2014;8.75;NV;2;2014;5.6;NV;2;2014;9;NV;2;2014;6 646;NV;2;2014
12011653;11.3;V;1;2014;11.5;V;1;2014;10;V;2;2014;10 275;V;1;2013;12.9;V;1;2012;11.25;V;1;2014;11 204;V;2;2014;10;V;2;2014;10;V;2;2014;10;V;2;2014;8.75;AC;2;2014;11.05;V;1;2014;13.1;V;1;2014;10 483;V;2;2014
12011657;13.5;V;1;2014;10;V;1;2014;8;AC;2;2014;11.05;V;1;2013;11.03;V;1;2014;13.25;V;1;2014;11 138;V;2;2014;10.5;V;1;2014;10;V;1;2014;15.1;V;1;2014;10.75;V;1;2014;17.8;V;1;2014;15;V;1;2014;13 192;V;1;2014
12011658;;;;;7;NV;2;2014;;;;;;;;;12.15;V;1;2013;10 375;V;1;2014;;;1;2014;2.85;NRA;1;2014;12;V;1;2014;3.3;NRA;1;2014;7.25;NV;2;2014;7.7;NV;2;2014;12.1;V;1;2014;7 533;NV;2;2014
12011677;5;NV;2;2014;8.5;NV;2;2014;1.7;NRA;1;2014;9;AC;2;2013;13.8;V;1;2012;10.25;V;1;2014;8 042;NV;2;2014;5 125;NV;2;2014;9;NV;2;2014;8.6;NV;2;2014;8.25;NV;2;2014;17.5;V;1;2014;12.4;V;1;2014;10 146;NV;2;2014
12011680;8;AC;2;2014;10;V;2;2014;7;AC;2;2014;10;V;2;2013;10;V;2;2013;16.5;V;1;2014;10.25;V;2;2014;10;V;2;2014;10;V;2;2014;7;AC;2;2014;13.5;V;1;2014;9.25;AC;2;2014;7.4;AC;2;2014;9 525;AC;2;2014
12011698;12.65;V;1;2014;10;V;2;2014;7;AC;2;2014;14.75;V;1;2014;10;V;2;2013;12.5;V;1;2014;11.15;V;2;2014;7;NV;2;2014;10;V;2;2014;;;;;10;V;2;2014;15.8;V;1;2014;16.25;V;1;2014;;;1;2014
12011729;;;;;;;;;;;;;;;;;;;;;0;NRA;1;2014;;;1;2014;;;1;2014;;;1;2014;;;;;;;;;;;1;2014;;;;;;;1;2014
12011745;4.55;NRA;1;2014;3.5;NRA;1;2014;1.5;NRA;1;2014;4;NRA;1;2014;4.23;NRA;1;2014;13.75;V;1;2014;5 255;NV;2;2014;2.25;NRA;1;2014;6;NV;2;2014;1.6;NRA;1;2014;7.5;NV;2;2014;6.05;NV;2;2014;3.5;NRA;1;2014;4 483;NV;2;2014
12011748;10;V;2;2014;10;V;1;2014;7;AC;2;2014;12;V;1;2013;12.4;V;1;2013;10;V;1;2014;10 233;V;2;2014;7;AC;2;2014;10;V;1;2014;8;AC;2;2014;10;V;2;2014;10;V;2;2013;10;V;2;2013;9 167;AC;2;2014
12011750;12.4;V;1;2014;12.5;V;1;2014;7.5;AC;2;2014;11.25;V;1;2014;9.26;AC;1;2012;9.5;AC;2;2014;10 402;V;2;2014;7;AC;2;2014;11;V;1;2014;10;V;2;2014;10;V;2;2014;10;V;2;2014;10;V;2;2014;9 667;AC;2;2014
12011781;;;;;;;;;2;NRA;1;2014;4.5;NRA;1;2014;10;V;2;2013;11;V;1;2014;;;1;2014;4 275;NRA;1;2014;3.5;NRA;1;2014;;;;;10.25;V;1;2014;13.4;V;1;2014;11.1;V;1;2014;;;1;2014
12011787;8.8;AC;2;2014;10;V;2;2014;7;AC;2;2014;12.88;V;1;2014;9;AC;2;2013;13.75;V;1;2014;10 238;V;2;2014;7;AC;2;2014;10;V;2;2014;10;V;2;2014;14.25;V;1;2014;7.5;AC;2;2014;10;V;2;2014;9 792;AC;2;2014
12011793;1.6;NRA;1;2014;.75;NRA;1;2014;5;NV;2;2014;17.5;V;1;2014;9.06;NV;2;2014;12.75;V;1;2014;7 777;NV;2;2014;;;;;;;1;2014;;;;;14.25;V;1;2014;10.4;V;1;2014;;;;;;;1;2014
12011794;8;AC;2;2014;8;AC;2;2014;9.2;AC;2;2014;12 375;V;1;2014;11.62;V;1;2013;16.75;V;1;2014;10 991;V;2;2014;7;AC;2;2014;10;V;2;2014;7;AC;2;2014;10.5;V;1;2014;10.9;V;1;2014;11.6;V;1;2014;9.5;AC;2;2014
12011796;8.55;AC;2;2014;12.5;V;1;2014;13;V;1;2014;10;V;2;2013;11.5;V;1;2012;7;AC;2;2014;10 425;V;2;2014;;;1;2014;3.5;NRA;1;2014;10;V;2;2014;11.25;V;1;2014;13.5;V;1;2014;16.4;V;1;2014;;;1;2014
12011799;11.9;V;1;2014;11;V;1;2014;13.1;V;1;2014;10.8;V;1;2014;10.08;V;1;2014;14 125;V;1;2014;11 834;V;2;2014;10;V;2;2014;10;V;1;2014;11.65;V;1;2014;12.75;V;1;2014;17.6;V;1;2014;17;V;1;2014;13 167;V;2;2014
12011803;;;;;;;;;7.1;NV;2;2014;5;NV;2;2014;;;;;12.25;V;1;2014;;;1;2014;;;;;;;;;;;;;9.5;NV;2;2014;1.4;NRA;1;2014;4.7;NRA;1;2014;;;1;2014
12011811;10;V;1;2014;13.5;V;1;2014;7.7;AC;2;2014;10;V;2;2014;12.3;V;1;2012;16;V;1;2014;11 583;V;2;2014;9;AC;2;2014;16;V;1;2014;8 396;AC;2;2014;12.12;V;1;2014;17.4;V;1;2014;10.8;V;1;2014;12 286;V;2;2014
12011816;12.3;V;1;2014;10;V;1;2014;9.2;AC;2;2014;10;V;2;2013;10;V;2;2013;13 625;V;1;2014;10 854;V;2;2014;10;V;1;2014;13;V;1;2014;7.7;AC;2;2014;13.25;V;1;2014;10;V;2;2013;10;V;2;2013;10 658;V;2;2014
12011823;;;;;;;;;;;;;3.75;NRA;1;2014;;;;;0;NRA;1;2014;;;1;2014;;;;;;;1;2014;;;;;;;;;;;1;2014;;;;;;;1;2014
12011866;10.1;V;1;2014;13.5;V;1;2014;7;AC;2;2014;10;V;1;2013;10;V;1;2012;16.75;V;1;2014;11 225;V;2;2014;10;V;2;2014;10;V;1;2014;7;AC;2;2014;10;V;1;2014;10;V;2;2013;10;V;2;2013;9.5;AC;2;2014
12012006;;;;;;;;;;;;;;;;;;;;;;;;;;;1;2014;;;;;;;1;2014;;;;;;;;;;;1;2014;;;;;;;1;2014
12012007;10;V;2;2014;7;AC;2;2014;7.5;AC;2;2014;13;V;1;2014;11;V;1;2013;16.25;V;1;2014;10 792;V;2;2014;7;AC;2;2014;10;V;2;2014;10.6;V;1;2014;12.5;V;1;2014;13.8;V;1;2014;8.5;AC;2;2014;10.4;V;2;2014
12012008;10;V;2;2014;10;V;2;2014;8.2;AC;2;2014;12.5;V;1;2013;14.44;V;1;2013;12.5;V;1;2014;11 273;V;2;2014;7;AC;2;2014;10;V;2;2014;7;AC;2;2014;10.5;V;1;2014;12.6;V;1;2014;10.9;V;1;2014;9 667;AC;2;2014
12012023;;;;;;;;;;;;;5;NV;2;2014;;;;;12;V;1;2014;;;1;2014;4.55;NRA;1;2014;1;NRA;1;2014;2.4;NRA;1;2014;6 875;NV;2;2014;2;NRA;1;2014;;;1;2014;;;1;2014
12012028;10.35;V;1;2014;10;V;1;2014;7;AC;2;2014;10;V;2;2013;10;V;1;2012;12.75;V;1;2014;10 017;V;2;2014;7;AC;2;2014;10;V;2;2014;8;AC;2;2014;11;V;1;2014;10;V;2;2014;8.25;AC;2;2014;9 042;AC;2;2014
12012031;12.7;V;1;2014;8;AC;2;2014;8.6;AC;2;2014;8.75;AC;2;2014;10;V;1;2012;14.75;V;1;2014;10 467;V;2;2014;3.4;NRA;1;2014;6;NV;2;2014;4.6;NRA;1;2014;7.75;NV;2;2014;11.25;V;1;2014;10;V;2;2014;7 167;NV;2;2014
12012032;10.9;V;1;2014;10.5;V;1;2014;9.2;AC;2;2014;13.25;V;1;2013;11.81;V;1;2013;13.75;V;1;2014;11 568;V;2;2014;7;AC;2;2014;7;AC;2;2014;7;AC;2;2014;12;V;1;2014;16;V;1;2014;11.45;V;1;2014;10 075;V;2;2014
12012059;10;V;2;2014;12.5;V;1;2014;8;AC;2;2014;10 125;V;1;2014;11.24;V;1;2012;12;V;1;2014;10 644;V;2;2014;7;AC;2;2014;10;V;2;2014;7;AC;2;2014;12 125;V;1;2014;10;V;2;2014;12.6;V;1;2014;9 788;AC;2;2014
12012060;;;;;10;V;1;2014;;;;;10;V;1;2014;12.2;V;1;2013;12.5;V;1;2014;;;1;2014;6.4;NV;2;2014;8;NV;2;2014;6.5;NV;2;2014;8.5;NV;2;2014;7.05;NV;2;2014;11.05;V;1;2014;7 917;NV;2;2014
12012062;0;NRA;1;2014;;;1;2014;0;NRA;1;2014;0;NRA;1;2014;0;NRA;1;2014;0;NRA;1;2014;;;1;2014;;;1;2014;;;1;2014;0;NRA;1;2014;;;1;2014;;;1;2014;;;1;2014;;;1;2014
12012064;;;;;;;;;;;;;;;;;;;;;;;;;;;1;2014;;;;;;;1;2014;;;;;;;;;;;1;2014;;;;;;;1;2014
12012065;12.2;V;1;2014;7;AC;2;2014;8;AC;2;2014;10.75;V;1;2014;12.1;V;1;2013;11.75;V;1;2014;10.3;V;2;2014;9;AC;2;2014;10;V;2;2014;7;AC;2;2014;10;V;2;2014;15.9;V;1;2014;11.4;V;1;2014;10.55;V;2;2014
12012078;;;;;;;;;;;;;;;;;;;;;0;NRA;1;2014;;;1;2014;;;;;;;1;2014;;;;;;;;;;;;;;;;;;;1;2014
12012081;10;V;2;2014;3;NRA;1;2014;2;NRA;1;2014;10;V;1;2013;11.26;V;1;2014;15.25;V;1;2014;8 585;NV;2;2014;8.4;NV;2;2014;12;V;1;2014;;;;;9.5;NV;2;2014;;;;;13.75;V;1;2014;;;1;2014
12012084;;NV;2;2014;.5;NRA;1;2014;.25;NRA;1;2014;10 375;V;1;2014;4.24;NRA;1;2014;10.5;V;1;2014;5 628;NV;1;2014;;;;;;;1;2014;;;;;5 625;NV;2;2014;;;1;2014;;;;;;;1;2014
12012086;11.1;V;1;2014;17.5;V;1;2014;10.8;V;1;2014;10.8;V;1;2013;11.95;V;1;2013;10;V;2;2014;12 025;V;2;2014;14.5;V;1;2014;15;V;1;2014;10.8;V;1;2014;13.41;V;1;2014;18.3;V;1;2014;14.2;V;1;2014;14 368;V;2;2014
12012087;10;V;2;2014;5.5;NV;2;2014;3.7;NRA;1;2014;9 125;NV;2;2014;11.3;V;1;2012;14 375;V;1;2014;9;;2;2014;3.25;NRA;1;2014;10;V;1;2014;5.7;NV;2;2014;9;NV;2;2014;10;V;2;2013;10;V;2;2013;7 992;NV;2;2014
12012103;;;;;;;;;;;;;10;V;1;2014;;;;;12.25;V;1;2014;;;1;2014;;;;;;;1;2014;;;;;;;;;7;NV;2;2014;.2;NRA;1;2014;;;1;2014
12012152;10.3;V;1;2014;18.5;V;1;2014;12.5;V;1;2014;10 275;V;1;2013;13.76;V;1;2013;13;V;1;2014;13 056;V;1;2014;10;V;2;2014;10;V;2;2014;11.5;V;1;2014;11;V;1;2014;13.4;V;1;2014;10.45;V;1;2014;11 058;V;2;2014
12012155;;;;;;;;;;;;;10;V;2;2013;;;;;10 125;V;1;2014;;;1;2014;.6;NRA;1;2014;1;NRA;1;2014;;;;;;;;;2.45;NRA;1;2014;;;;;;;1;2014
12012158;10;V;2;2014;7;AC;2;2014;11.1;V;1;2014;10;V;2;2013;15.31;V;1;2013;10.75;V;1;2014;10 693;V;2;2014;7;AC;2;2014;10;V;2;2014;9;AC;2;2014;13.75;V;1;2014;13.65;V;1;2014;10;V;1;2014;10 567;V;2;2014
12012160;10;V;2;2013;10.5;V;1;2014;10.1;V;1;2014;12.05;V;1;2013;12.54;V;1;2013;12.5;V;1;2014;11 282;V;1;2014;8;AC;2;2014;10;V;1;2014;8.3;AC;2;2014;13.75;V;1;2014;10;V;2;2013;10;V;2;2013;10 008;V;2;2014
12012166;10;V;1;2014;8;AC;2;2014;7;AC;2;2014;11.6;V;1;2013;10.07;V;1;2012;14;V;1;2014;10 112;V;2;2014;8.5;AC;2;2014;10;V;2;2014;7.7;AC;2;2014;12;V;1;2014;17 575;V;1;2014;12.4;V;1;2014;11 363;V;2;2014
12012170;2.8;NRA;1;2014;4.5;NRA;1;2014;7;NV;2;2014;12.4;V;1;2013;11.58;V;1;2012;12 125;V;1;2014;8 401;NV;2;2014;4 525;NRA;1;2014;9;NV;2;2014;8;NV;2;2014;11.5;V;1;2014;10;V;2;2014;13.55;V;1;2014;9 429;NV;2;2014
12012173;10.6;V;1;2014;11;V;1;2014;10.05;V;1;2014;15 615;V;1;2013;13.89;V;1;2013;11.5;V;1;2014;12 109;V;1;2014;10;V;2;2014;10;V;1;2014;12.4;V;1;2014;13.25;V;1;2014;17 975;V;1;2014;13.7;V;1;2014;12 888;V;2;2014
12012175;13.1;V;1;2014;7;AC;2;2014;7;AC;2;2014;13.25;V;1;2014;10.7;V;1;2013;14.5;V;1;2014;10 925;V;2;2014;9;AC;2;2014;12;V;1;2014;7;AC;2;2014;14;V;1;2014;15.15;V;1;2014;10;V;2;2014;11 192;V;2;2014
12012326;;;;;;;;;;;;;0;NRA;1;2014;;;;;0;NRA;1;2014;;;1;2014;;;;;;;1;2014;;;;;;;;;;;1;2014;;;;;;;1;2014
12012341;10.1;V;1;2014;8;AC;2;2014;7.5;AC;2;2014;10;V;2;2013;12.61;V;1;2013;12.5;V;1;2014;10 118;V;2;2014;7;AC;2;2014;11;V;1;2014;7;AC;2;2014;11.75;V;1;2014;8.5;AC;2;2014;10;V;2;2014;9 208;AC;2;2014
12012342;11.85;V;1;2014;14.25;V;1;2014;9.4;AC;2;2014;11;V;1;2014;10;V;1;2012;12;V;1;2014;11 417;V;2;2014;5.55;NV;2;2014;10;V;2;2014;6;NV;2;2014;8.5;NV;2;2014;12.3;V;1;2014;3.1;NRA;1;2014;7 575;NV;2;2014
12012343;7;AC;2;2014;8;AC;2;2014;10.05;V;1;2014;10;V;2;2013;11.05;V;1;2012;11.5;V;1;2014;9.6;AC;2;2014;10;V;2;2014;13;V;1;2014;12.5;V;1;2014;13.5;V;1;2014;10;V;2;2013;10;V;2;2013;11.5;V;2;2014
12012370;10;V;2;2014;10.5;V;1;2014;7.5;AC;2;2014;10.75;V;1;2014;11.83;V;1;2013;13 375;V;1;2014;10 659;V;2;2014;10;V;2;2014;12;V;1;2014;10;V;2;2014;10 375;V;1;2014;13.65;V;1;2014;15.05;V;1;2014;11 846;V;2;2014
12012436;;;;;;;;;;;;;0;NRA;1;2014;;;;;0;NRA;1;2014;;;1;2014;;;;;;;1;2014;;;;;;;;;;;;;;;;;;;1;2014
12012637;12.4;V;1;2014;13;V;1;2014;10.1;V;1;2014;13;V;1;2014;10.81;V;1;2012;12 375;V;1;2014;11 948;V;1;2014;7;AC;2;2014;11;V;1;2014;10;V;2;2014;11.5;V;1;2014;10;V;2;2014;13.4;V;1;2014;10 483;V;2;2014
12012638;9;AC;2;2014;12;V;1;2014;8;AC;2;2014;7.5;AC;2;2014;10;V;1;2012;13.75;V;1;2014;10 042;V;2;2014;3.95;NRA;1;2014;12;V;1;2014;3;NRA;1;2014;7;NV;2;2014;10.75;V;1;2013;10.75;V;1;2013;7 908;NV;2;2014
12012712;10;V;2;2014;7;AC;2;2014;7.2;AC;2;2014;15.75;V;1;2014;10;V;1;2014;13 375;V;1;2014;10 554;V;2;2014;;;;;10;V;2;2014;;;;;10.5;V;1;2014;11.75;V;1;2014;;;;;;;1;2014
12012978;10;V;2;2014;6;NV;2;2014;9.1;NV;2;2014;10;V;2;2014;10;V;1;2012;10;V;1;2014;9 183;;2;2014;6.65;NV;2;2014;10;V;2;2014;8;NV;2;2014;8;NV;2;2014;10;V;2;2014;10;V;2;2014;8 775;NV;2;2014
12013399;;;;;;;;;3.4;NRA;1;2014;;;;;10;V;2;2013;12.5;V;1;2014;;;1;2014;;;;;;;1;2014;;;;;11.5;V;1;2014;11.2;V;1;2014;10;V;2;2014;;;1;2014
12013400;11.75;V;1;2014;;;;;10;V;2;2014;0;NRA;1;2014;10;V;2;2013;12.5;V;1;2014;;;1;2014;;;;;12;V;1;2014;;;;;;;;;15.05;V;1;2014;11.45;V;1;2014;;;1;2014
12013521;;;;;;;;;;;;;0;NRA;1;2014;;;;;0;NRA;1;2014;;;1;2014;;;;;;;1;2014;;;;;;;;;;;1;2014;;;;;;;1;2014
12013522;;;;;;;;;;;;;0;NRA;1;2014;;;;;0;NRA;1;2014;;;1;2014;;;;;;;1;2014;;;;;;;;;;;1;2014;;;;;;;1;2014
13010017;13.4;V;1;2014;13.25;V;1;2014;12.8;V;1;2014;14.5;V;1;2014;12.5;V;1;2013;13 125;V;1;2014;13 263;V;1;2014;10.1;V;1;2014;14;V;1;2014;;;;;15.75;V;1;2014;16.25;V;1;2014;13.6;V;1;2014;;;1;2014
13010018;14.2;V;1;2014;10.5;V;1;2014;11.7;V;1;2014;12.5;V;1;2014;14.9;V;1;2013;15.25;V;1;2014;13 175;V;1;2014;10.75;V;1;2014;12;V;1;2014;11.6;V;1;2014;13.5;V;1;2014;19.65;V;1;2014;18;V;1;2014;14.25;V;1;2014
13010030;;;;;;;;;;;;;;;;;;;;;1 875;NRA;1;2014;;;1;2014;;;1;2014;;;1;2014;;;;;;;;;4.85;NRA;1;2014;10.3;V;1;2014;;;1;2014
13010102;10;V;2;2014;17.5;V;1;2014;8.2;AC;2;2014;11;V;1;2014;12.7;V;1;2013;12 625;V;1;2014;12 004;V;2;2014;10;V;2;2014;14;V;1;2014;9.2;AC;2;2014;9.5;AC;2;2014;17.3;V;1;2014;13.15;V;1;2014;12 192;V;2;2014
13010110;;;;;;;;;;;;;;;;;;;;;10;V;1;2014;;;1;2014;;;;;;;1;2014;;;;;;;;;13 925;V;1;2014;10;V;2;2014;;;1;2014
13010180;;;;;;;;;2.7;NRA;1;2014;;;;;;;;;;;;;;;1;2014;;;;;;;1;2014;;;;;;;1;2014;;;;;;;;;;;1;2014
13010655;;;;;;;;;;;;;;;;;;;;;10;V;2;2014;;;1;2014;;;;;;;1;2014;;;;;;;;;;;1;2014;;;;;;;1;2014
13010663;10;V;2;2014;18.25;V;1;2014;10.1;V;1;2014;10;V;1;2014;11.6;V;1;2013;12 125;V;1;2014;12 013;V;2;2014;7;AC;2;2014;12;V;1;2014;12.3;V;1;2014;11.25;V;1;2014;13.35;V;1;2014;10;V;2;2014;10 983;V;2;2014
13010678;;;;;;;;;;;;;;;;;;;;;12.75;V;1;2014;;;1;2014;;;;;;;1;2014;;;;;;;;;2.7;NRA;1;2014;;;;;;;1;2014
13010695;10;V;2;2014;10;V;2;2014;7;AC;2;2014;15;V;1;2014;10;V;2;2013;13.5;V;1;2014;10 917;V;2;2014;;;1;2014;7;NV;2;2014;;;;;14;V;1;2014;11.55;V;1;2014;7.7;NV;2;2014;;;1;2014
13010763;0;NRA;1;2014;;;1;2014;.3;NRA;1;2014;0;NRA;1;2014;;;1;2014;1.75;NRA;1;2014;;;1;2014;;;;;;;1;2014;;;;;;;1;2014;;;;;;;;;;;1;2014
13010768;;;;;;;;;2.2;NRA;1;2014;;;;;;;;;2.75;NRA;1;2014;;;1;2014;;;;;;;1;2014;;;;;;;1;2014;;;1;2014;;;;;;;1;2014
13010770;10;V;2;2014;;;;;10;V;2;2014;;;;;10.7;V;1;2013;;;;;;;1;2014;;;;;;;1;2014;;;;;;;;;11.4;V;1;2014;11.05;V;1;2014;;;1;2014
13010786;12.4;V;1;2014;11;V;1;2014;10;V;2;2014;10;V;1;2014;10.5;V;1;2013;13;V;1;2014;11.15;V;2;2014;10;V;2;2014;10;V;2;2014;;;;;11.5;V;1;2014;10;V;2;2014;10.7;V;1;2014;;;1;2014
13010798;;;;;;;;;;;;;10;V;2;2014;;;;;10;V;2;2014;;;1;2014;;;;;;;1;2014;;;;;;;;;4.2;NRA;1;2014;;;;;;;1;2014
13011019;13.4;V;1;2014;12;V;1;2014;8;NV;2;2014;;;;;10;V;2;2013;12.5;V;1;2014;;;1;2014;7 775;NV;2;2014;10;V;2;2014;;;;;10.75;V;1;2014;17 925;V;1;2014;15.9;V;1;2014;;;1;2014
13011089;;;;;;;;;;;;;;;;;;;;;;;;;;;1;2014;;;1;2014;;;1;2014;;;;;;;;;;;1;2014;;;1;2014;;;1;2014
13011134;13.4;V;1;2014;12;V;1;2014;8.5;AC;2;2014;11.5;V;1;2014;13.2;V;1;2013;15.25;V;1;2014;12 308;V;2;2014;10;V;2;2014;12;V;1;2014;7.5;AC;2;2014;12 125;V;1;2014;18.45;V;1;2014;12.8;V;1;2014;12 146;V;2;2014
13011163;;;;;;;;;;;;;;;;;;;;;11.5;V;1;2014;;;1;2014;;;;;;;1;2014;;;;;;;;;;;1;2014;;;1;2014;;;1;2014
13011210;10;V;2;2014;10.5;V;1;2014;10.1;V;1;2014;16;V;1;2014;10;V;2;2013;12.25;V;1;2014;11 475;V;2;2014;4 625;NRA;1;2014;12;V;1;2014;;;;;13.25;V;1;2014;14.05;V;1;2014;15.35;V;1;2014;;;1;2014
13011274;10;V;2;2014;8.5;AC;2;2014;7.9;AC;2;2014;11 125;V;1;2014;10.5;V;1;2013;12 375;V;1;2014;10 067;V;2;2014;10;V;1;2014;14;V;1;2014;11.2;V;1;2014;11 125;V;1;2014;11;V;1;2014;14.9;V;1;2014;12 038;V;1;2014
13011320;14.7;V;1;2014;15.5;V;1;2014;8.8;AC;2;2014;13.75;V;1;2014;10;V;2;2013;15.5;V;1;2014;13 042;V;2;2014;9;AC;2;2014;10;V;1;2014;13.9;V;1;2014;11.5;V;1;2014;14.7;V;1;2014;13.6;V;1;2014;12 117;V;2;2014
13011321;10.95;V;1;2014;11.5;V;1;2014;7;AC;2;2014;15 875;V;1;2014;12.5;V;1;2013;11.25;V;1;2014;11 513;V;2;2014;7;AC;2;2014;10;V;2;2014;7.6;AC;2;2014;11.5;V;1;2014;8.4;AC;2;2014;10;V;2;2014;9 083;AC;2;2014
13011330;11.9;V;1;2014;10.5;V;1;2014;10;V;1;2014;13 125;V;1;2014;13.6;V;1;2013;14.75;V;1;2014;12 313;V;1;2014;7;AC;2;2014;11;V;1;2014;8;AC;2;2014;10;V;1;2014;14.3;V;1;2014;18.05;V;1;2014;11 392;V;2;2014
13011371;11.35;V;1;2014;10;V;1;2014;10;V;2;2014;13;V;1;2014;10.3;V;1;2013;12.5;V;1;2014;11 192;V;2;2014;10;V;2;2014;13;V;1;2014;8.7;AC;2;2014;12.75;V;1;2014;16;V;1;2014;13.3;V;1;2014;12 292;V;2;2014
13011394;12.05;V;1;2014;14.25;V;1;2014;10.9;V;1;2014;13 875;V;1;2014;12.1;V;1;2013;16;V;1;2014;13 196;V;1;2014;8;AC;2;2014;12;V;1;2014;7;AC;2;2014;11.5;V;1;2014;15.45;V;1;2014;10;V;2;2014;10 658;V;2;2014
13011481;;;;;;;;;;;;;;;;;;;;;10;V;2;2014;;;1;2014;;;;;;;1;2014;;;;;;;;;;;1;2014;;;;;;;1;2014
13011488;;;;;;;;;;;;;;;;;;;;;;;;;;;1;2014;9.2;NV;2;2014;14;V;1;2014;;;;;;;;;18.1;V;1;2014;15.1;V;1;2014;;;1;2014
13011604;14.1;V;1;2014;18;V;1;2014;12.8;V;1;2014;14.75;V;1;2014;14.9;V;1;2013;16.25;V;1;2014;15 133;V;1;2014;12;V;1;2014;19;V;1;2014;14;V;1;2014;14.75;V;1;2014;17.65;V;1;2014;16.1;V;1;2014;15 583;V;1;2014
13011860;10.1;V;1;2014;10;V;2;2014;8;AC;2;2014;9.25;AC;2;2014;10;V;2;2013;14.5;V;1;2014;10 308;V;2;2014;10;V;2;2014;10;V;2;2014;;;;;11.75;V;1;2014;15.55;V;1;2014;10.7;V;1;2014;;;1;2014
13011992;;;;;10;V;1;2014;;;;;10 375;V;1;2014;;;;;11.5;V;1;2014;;;1;2014;;;1;2014;15;V;1;2014;10;V;1;2014;;;;;;;1;2014;;;;;;;1;2014
13011994;11.2;V;1;2014;11.5;V;1;2014;7.3;AC;2;2014;10 125;V;1;2014;11.6;V;1;2013;13;V;1;2014;10 788;V;2;2014;10;V;2;2014;14;V;1;2014;7.7;AC;2;2014;9.75;AC;2;2014;12 775;V;1;2014;14.6;V;1;2014;11 471;V;2;2014
13011995;10;V;2;2014;10;V;2;2014;7.5;NV;2;2014;7.75;NV;2;2014;10;V;2;2013;10;V;2;2014;9 208;;2;2014;;;;;;;1;2014;7;NV;2;2014;10;V;1;2014;16.2;V;1;2014;10.1;V;1;2014;;;1;2014
13011996;14.7;V;1;2014;12.5;V;1;2014;10.5;V;1;2014;13.5;V;1;2014;10.8;V;1;2013;13.75;V;1;2014;12 625;V;1;2014;10;V;2;2014;11;V;1;2014;11;V;1;2014;11 375;V;1;2014;13.6;V;1;2014;10.6;V;1;2014;11 263;V;2;2014
13011998;13.8;V;1;2014;10;V;1;2014;8.7;AC;2;2014;11;V;1;2014;10;V;2;2013;15.5;V;1;2014;11.5;V;2;2014;10;V;2;2014;10;V;2;2014;;;;;11.25;V;1;2014;14.25;V;1;2014;9.3;NV;2;2014;;;1;2014
13011999;11;V;1;2014;13;V;1;2014;8;AC;2;2014;10.5;V;1;2014;10;V;2;2013;14.25;V;1;2014;11 125;V;2;2014;5 075;NV;2;2014;10;V;2;2014;;;;;12.25;V;1;2014;9.4;NV;2;2014;10;V;2;2014;;;1;2014
13012009;10.75;V;1;2014;8.5;AC;2;2014;8.5;AC;2;2014;10.63;V;1;2014;10.3;V;1;2013;14.75;V;1;2014;10 572;V;2;2014;9;NV;2;2014;10;V;2;2014;;;;;9;NV;2;2014;14.25;V;1;2014;13.9;V;1;2014;;;1;2014
13012033;;;;;;;;;;;;;14.75;V;1;2014;;;;;10;V;2;2014;;;1;2014;;;;;;;1;2014;;;;;;;;;11.4;V;1;2014;10;V;2;2014;;;1;2014
13012041;;;;;;;;;;;;;;;;;;;;;12.25;V;1;2014;;;1;2014;3 375;NRA;1;2014;12;V;1;2014;;;;;;;;;13.6;V;1;2014;11;V;1;2014;;;1;2014
13012070;11.6;V;1;2014;15.5;V;1;2014;11.9;V;1;2014;13 625;V;1;2014;12.5;V;1;2013;11.75;V;1;2014;12 813;V;1;2014;10;V;2;2014;13;V;1;2014;11.4;V;1;2014;13.75;V;1;2014;17.1;V;1;2014;14.5;V;1;2014;13 292;V;2;2014
13012123;10.3;V;1;2014;7;AC;2;2014;8.4;AC;2;2014;11.5;V;1;2014;10.5;V;1;2013;14.5;V;1;2014;10 367;V;2;2014;4 825;NRA;1;2014;13;V;1;2014;6.9;NV;2;2014;7.5;NV;2;2014;4;NRA;1;2014;9.1;NV;2;2014;7 554;NV;2;2014
13012141;10;V;2;2014;10;V;2;2014;10;V;1;2014;10.5;V;1;2014;10.2;V;1;2013;14.75;V;1;2014;10 908;V;2;2014;7;AC;2;2014;10;V;2;2014;10;V;1;2014;9.25;AC;2;2014;10;V;2;2014;10;V;2;2014;9 375;AC;2;2014
13012165;;;;;;;;;;;;;;;;;;;;;;;;;;;1;2014;;;1;2014;;;1;2014;;;;;;;;;;;;;;;;;;;1;2014
13012191;10.6;V;1;2014;11.25;V;1;2014;10;V;2;2014;14 375;V;1;2014;10.4;V;1;2013;12.25;V;1;2014;11 479;V;2;2014;7;AC;2;2014;10;V;1;2014;7.9;AC;2;2014;10 375;V;1;2014;13.15;V;1;2014;10;V;1;2014;9 738;AC;2;2014
13012306;;;;;;;;;7.8;NV;2;2014;6;NV;2;2014;;;;;13.5;V;1;2014;;;1;2014;3.55;NRA;1;2014;7;NV;2;2014;;;;;8.25;NV;2;2014;17 275;V;1;2014;13.8;V;1;2014;;;1;2014
13012356;10;V;2;2014;12.5;V;1;2014;10;V;2;2014;10;V;2;2014;10.2;V;1;2013;14.5;V;1;2014;11.2;V;2;2014;7;AC;2;2014;12;V;1;2014;10.7;V;1;2014;10.25;V;1;2014;8 025;AC;2;2014;10.6;V;1;2014;9 763;AC;2;2014
13012499;10;V;1;2014;18.5;V;1;2014;10;V;2;2014;15;V;1;2014;10;V;2;2013;14.75;V;1;2014;13 042;V;2;2014;10;V;2;2014;13;V;1;2014;7;AC;2;2014;15;V;1;2014;16 175;V;1;2014;11.6;V;1;2014;12 129;V;2;2014
13012511;10.3;V;1;2014;3.75;NRA;1;2014;2.3;NRA;1;2014;6.25;NV;2;2014;10;V;2;2013;13.75;V;1;2014;7 725;NV;2;2014;;;1;2014;6;NV;2;2014;;;;;8;NV;2;2014;5.85;NV;2;2014;13;V;1;2014;;;1;2014
13012518;13.5;V;1;2014;11.5;V;1;2014;13.3;V;1;2014;17.75;V;1;2014;15.7;V;1;2013;13.25;V;1;2014;14 167;V;1;2014;12.3;V;1;2014;18;V;1;2014;10.6;V;1;2014;13.5;V;1;2014;16.9;V;1;2014;17.2;V;1;2014;14.75;V;1;2014
13012522;16;V;1;2014;12;V;1;2014;10.7;V;1;2014;12;V;1;2014;11.2;V;1;2013;13;V;1;2014;12 483;V;1;2014;11.1;V;1;2014;11;V;1;2014;11.2;V;1;2014;11.75;V;1;2014;18.15;V;1;2014;16.9;V;1;2014;13.35;V;1;2014
13012535;8;NV;2;2014;;;;;;;;;;;;;10.1;V;1;2013;12;V;1;2014;;;1;2014;2.5;NRA;1;2014;5;NV;2;2014;;;;;;;;;4.1;NRA;1;2014;5.1;NV;2;2014;;;1;2014
13012542;;;;;;;;;;;;;3 125;NRA;1;2014;;;;;12;V;1;2014;;;1;2014;;;;;;;1;2014;;;;;;;;;1.3;NRA;1;2014;;;;;;;1;2014
13012548;10;V;2;2014;5;NV;2;2014;2.15;NRA;1;2014;7;NV;2;2014;7.69;NV;2;2014;10;V;1;2014;6 973;NV;2;2014;;;;;;;1;2014;;;;;;;1;2014;12.95;V;1;2014;;;;;;;1;2014
13012559;;;;;;;;;;;;;;;;;;;;;;;;;;;1;2014;;;;;;;1;2014;;;;;;;;;;;1;2014;;;;;;;1;2014
13012567;;;;;;;;;;;;;8.5;NV;2;2014;;;;;13;V;1;2014;;;1;2014;5.25;NV;2;2014;5;NV;2;2014;;;;;;;;;11 825;V;1;2014;;;;;;;1;2014
13012573;14.5;V;1;2014;9;AC;2;2014;10;V;1;2014;14.5;V;1;2014;11.7;V;1;2013;14.5;V;1;2014;12 367;V;2;2014;10;V;2;2014;15;V;1;2014;12.1;V;1;2014;10.75;V;1;2014;12.6;V;1;2014;10;V;2;2014;11 742;V;2;2014
13012650;10.1;V;1;2014;10;V;2;2014;7.9;AC;2;2014;10.25;V;1;2014;12.7;V;1;2013;10;V;2;2014;10 158;V;2;2014;9;NV;2;2014;10;V;2;2014;;;;;10.25;V;1;2014;12.05;V;1;2014;10;V;2;2014;;;1;2014
13012674;9;AC;2;2014;10.5;V;1;2014;8.5;AC;2;2014;12.5;V;1;2014;14.1;V;1;2013;13.25;V;1;2014;11 308;V;2;2014;10 425;V;1;2014;11;V;1;2014;8;AC;2;2014;9.5;AC;2;2014;17 775;V;1;2014;15;V;1;2014;11.95;V;2;2014
13012684;10;V;2;2014;10;V;2;2014;7;AC;2;2014;10.5;V;1;2014;13.3;V;1;2013;11.5;V;1;2014;10 383;V;2;2014;8.5;AC;2;2014;10;V;2;2014;8.6;AC;2;2014;10;V;1;2014;11 925;V;1;2014;11;V;1;2014;10 004;V;2;2014
13012692;13.6;V;1;2014;12;V;1;2014;9.2;AC;2;2014;10.6;V;1;2014;13.3;V;1;2013;13.5;V;1;2014;12 033;V;2;2014;10;V;2;2014;10;V;2;2014;10;V;2;2014;8;AC;2;2014;18 375;V;1;2014;14.1;V;1;2014;11 746;V;2;2014
13012702;11.1;V;1;2014;12.25;V;1;2014;10.1;V;1;2014;12 375;V;1;2014;13.7;V;1;2013;14.5;V;1;2014;12 338;V;1;2014;11.15;V;1;2014;13;V;1;2014;11.1;V;1;2014;10;V;1;2014;18.1;V;1;2014;17.5;V;1;2014;13 475;V;1;2014
13012722;;;;;;;;;;;;;;;;;;;;;8.5;NV;2;2014;;;1;2014;;;;;;;1;2014;;;;;;;;;10.6;V;1;2014;;;;;;;1;2014
13012775;12.5;V;1;2014;11;V;1;2014;13.5;V;1;2014;11.75;V;1;2014;11.9;V;1;2013;14.75;V;1;2014;12 567;V;1;2014;9 125;AC;2;2014;13;V;1;2014;11.8;V;1;2014;13.75;V;1;2014;17.3;V;1;2014;13.55;V;1;2014;13 088;V;2;2014
13012795;7;NV;2;2014;;;;;;;;;;;;;10;V;2;2013;10;V;1;2014;;;1;2014;3 825;NRA;1;2014;10;V;2;2014;;;;;;;;;11.5;V;1;2014;9.7;NV;2;2014;;;1;2014
13012805;10.7;V;1;2014;8;AC;2;2014;11.4;V;1;2014;10;V;1;2014;10.1;V;1;2013;10;V;1;2014;10 033;V;2;2014;;;1;2014;;;1;2014;;;;;13 625;V;1;2014;17.55;V;1;2014;12.7;V;1;2014;;;1;2014
13012817;11.8;V;1;2014;16;V;1;2014;12.7;V;1;2014;14.5;V;1;2014;11.3;V;1;2013;14 375;V;1;2014;13 446;V;1;2014;10;V;2;2014;13;V;1;2014;11.4;V;1;2014;12.5;V;1;2014;12.3;V;1;2014;14.65;V;1;2014;12 308;V;2;2014
13012837;;;;;2.5;NRA;1;2014;7.5;NV;2;2014;11.75;V;1;2014;10;V;2;2013;12.5;V;1;2014;;;1;2014;4 275;NRA;1;2014;10;V;2;2014;3.3;NRA;1;2014;11 625;V;1;2014;15.9;V;1;2014;4.3;NRA;1;2014;8 233;NV;2;2014
13012834;14.1;V;1;2014;18.5;V;1;2014;10;V;2;2014;14.75;V;1;2014;10.2;V;1;2013;11.5;V;1;2014;13 175;V;2;2014;10 675;V;1;2014;10;V;2;2014;17.2;V;1;2014;12 108;V;1;2014;11 525;V;1;2014;16.9;V;1;2014;13 068;V;2;2014
13012859;;;;;;;;;;;;;;;;;;;;;;;;;;;1;2014;;;1;2014;;;1;2014;0;NRA;1;2014;;;;;;;;;0;NRA;1;2014;;;1;2014
13012915;;;;;;;;;;;;;;;;;;;;;;;;;;;1;2014;;;;;;;1;2014;;;;;;;;;;;1;2014;;;1;2014;;;1;2014
13012916;10;V;2;2014;;;;;;;;;;;;;10;V;2;2013;10 875;V;1;2014;;;1;2014;4 175;NRA;1;2014;11;V;1;2014;;;;;;;;;11.15;V;1;2014;13.95;V;1;2014;;;1;2014
13012921;;;;;;;;;;;;;13.25;V;1;2014;10;V;2;2013;12 875;V;1;2014;;;1;2014;;;;;;;1;2014;;;;;;;;;14.55;V;1;2014;6.5;NV;2;2014;;;1;2014
13012928;;;;;;;;;;;;;0;NRA;1;2014;;;;;0;NRA;1;2014;;;1;2014;;;;;;;1;2014;;;;;;;;;;;1;2014;;;;;;;1;2014
13012941;9;AC;2;2014;8;AC;2;2014;7;AC;2;2014;9.25;AC;2;2014;11.7;V;1;2013;16.25;V;1;2014;10.2;V;2;2014;10;V;2;2014;10;V;1;2014;;;;;10.25;V;1;2014;13 825;V;1;2014;8;NV;2;2014;;;1;2014
13012980;10.1;V;1;2014;17;V;1;2014;11.6;V;1;2014;14 625;V;1;2014;10.3;V;1;2013;13.75;V;1;2014;12 896;V;1;2014;11;V;1;2014;10;V;1;2014;11.2;V;1;2014;11;V;1;2014;19;V;1;2014;15.7;V;1;2014;12 983;V;1;2014
13013000;;;;;;;;;;;;;;;;;;;;;;;;;;;1;2014;;;;;;;1;2014;;;;;;;;;;;1;2014;;;;;;;1;2014
13013011;0;NRA;1;2014;;;1;2014;0;NRA;1;2014;0;NRA;1;2014;12;V;1;2013;0;NRA;1;2014;;;1;2014;;;1;2014;;;1;2014;0;NRA;1;2014;;;1;2014;;;1;2014;;;1;2014;;;1;2014
13013021;10;V;2;2014;10;V;2;2014;8;AC;2;2014;10;V;1;2014;10;V;2;2013;13.75;V;1;2014;10 292;V;2;2014;;;;;;;1;2014;;;;;13;V;1;2014;;;;;11.5;V;1;2014;;;1;2014
13013060;12.1;V;1;2014;7;AC;2;2014;10.1;V;1;2014;11.25;V;1;2014;12;V;1;2013;15.75;V;1;2014;11 367;V;2;2014;11.55;V;1;2014;14;V;1;2014;10;V;2;2014;14 784;V;1;2014;16 625;V;1;2014;14.1;V;1;2014;13.51;V;2;2014
13013064;9;NV;2;2014;;;;;3.7;NRA;1;2014;;;;;;;;;;;;;;;1;2014;;;;;;;1;2014;;;;;;;1;2014;;;;;;;;;;;1;2014
13013074;10;V;2;2014;11.5;V;1;2014;8.5;AC;2;2014;9.25;AC;2;2014;10.2;V;1;2013;14.75;V;1;2014;10.7;V;2;2014;9;NV;2;2014;10;V;2;2014;;;;;11;V;1;2014;14.35;V;1;2014;18.4;V;1;2014;;;1;2014
13013078;10;V;2;2014;14;V;1;2014;9.3;AC;2;2014;10;V;1;2014;10;V;2;2013;15.25;V;1;2014;11 425;V;2;2014;10;V;2;2014;10;V;2;2014;10;V;2;2014;10;V;1;2014;13.1;V;1;2014;8;NV;2;2014;10 183;V;2;2014
13013082;12.3;V;1;2014;10;V;2;2014;10.2;V;1;2014;14 625;V;1;2014;12.1;V;1;2013;14.5;V;1;2014;12 288;V;2;2014;12;V;1;2014;10.5;V;1;2014;13.9;V;1;2014;13.25;V;1;2014;15.95;V;1;2014;15.6;V;1;2014;13 533;V;1;2014
13013092;13.6;V;1;2014;18.5;V;1;2014;8.5;AC;2;2014;16 125;V;1;2014;12.9;V;1;2013;12.5;V;1;2014;13 688;V;2;2014;10 125;V;1;2014;10;V;2;2014;10.7;V;1;2014;12.25;V;1;2014;18.35;V;1;2014;11;V;1;2014;12 071;V;2;2014
13013097;10;V;2;2014;7;AC;2;2014;10;V;2;2014;10 125;V;1;2014;11.8;V;1;2013;12.5;V;1;2014;10 238;V;2;2014;3.1;NRA;1;2014;10;V;2;2014;4.2;NRA;1;2014;7 875;NV;2;2014;10.65;V;1;2014;10.45;V;1;2014;7 713;NV;2;2014
13013099;;;;;;;;;;;;;;;;;;;;;13.25;V;1;2014;;;1;2014;;;;;;;1;2014;;;;;;;;;;;1;2014;;;;;;;1;2014
13013100;10;V;1;2014;8;NV;2;2014;7.5;NV;2;2014;6;NV;2;2014;10;V;2;2013;13;V;1;2014;9 083;;2;2014;1.6;NRA;1;2014;7;NV;2;2014;4.4;NRA;1;2014;8.5;NV;2;2014;12.1;V;1;2014;9.9;NV;2;2014;7.25;NV;2;2014
13013108;16.4;V;1;2014;10;V;1;2014;8.5;AC;2;2014;7;AC;2;2014;10;V;2;2013;10.25;V;1;2014;10 358;V;2;2014;13.5;V;1;2014;10;V;1;2014;15.2;V;1;2014;7.75;AC;2;2014;19.2;V;1;2014;13.55;V;1;2014;13.2;V;2;2014
13013112;8;AC;2;2014;7;AC;2;2014;8.5;AC;2;2014;13.5;V;1;2014;10.7;V;1;2013;15.75;V;1;2014;10 575;V;2;2014;10;V;2;2014;10;V;2;2014;;;;;13.75;V;1;2014;18.35;V;1;2014;13.9;V;1;2014;;;1;2014
13013113;;;;;;;;;8.95;NV;2;2014;8.75;NV;2;2014;11.5;V;1;2013;13.75;V;1;2014;;;1;2014;2.45;NRA;1;2014;8;NV;2;2014;;;;;6.5;NV;2;2014;10.45;V;1;2014;11.7;V;1;2014;;;1;2014
13013114;10;V;1;2014;11.5;V;1;2014;11.5;V;1;2014;10.25;V;1;2014;10.9;V;1;2013;15;V;1;2014;11 525;V;1;2014;8;NV;2;2014;10;V;2;2014;;;;;12;V;1;2014;18.45;V;1;2014;11.6;V;1;2014;;;1;2014
13013116;;;;;;;;;;;;;;;;;;;;;10;V;2;2014;;;1;2014;;;;;;;1;2014;;;;;;;;;3.6;NRA;1;2014;10.2;V;1;2014;;;1;2014
13013117;;;;;;;;;;;;;;;;;;;;;;;;;;;1;2014;;;1;2014;;;1;2014;;;;;;;;;;;1;2014;;;1;2014;;;1;2014
13013118;13.1;V;1;2014;9.25;AC;2;2014;11.5;V;1;2014;10;V;1;2014;10;V;2;2013;8.45;AC;2;2014;10 383;V;2;2014;7;AC;2;2014;12;V;1;2014;8.8;AC;2;2014;9.3;AC;2;2014;7.85;AC;2;2014;10;V;2;2014;9 158;AC;2;2014
13013120;10.8;V;1;2014;9.5;AC;2;2014;10;V;2;2014;16 125;V;1;2014;10.2;V;1;2013;11 625;V;1;2014;11 375;V;2;2014;7;NV;2;2014;;;1;2014;14.6;V;1;2014;10;V;2;2014;12.3;V;1;2014;13.7;V;1;2014;;;1;2014
13013121;10.1;V;1;2014;15.5;V;1;2014;8;AC;2;2014;7;AC;2;2014;10;V;1;2013;16;V;1;2014;11.1;V;2;2014;10;V;2;2014;10;V;2;2014;13.4;V;1;2014;11.25;V;1;2014;8 425;NV;2;2014;15.1;V;1;2014;11 363;V;2;2014
13013128;10.75;V;1;2014;7;AC;2;2014;8;AC;2;2014;18 125;V;1;2014;10;V;2;2013;10;V;1;2014;10 646;V;2;2014;10;V;2;2014;10;V;2;2014;8.8;AC;2;2014;16.75;V;1;2014;11.25;V;1;2014;8.2;AC;2;2014;10 833;V;2;2014
13013131;10.5;V;1;2014;7.5;AC;2;2014;8.1;AC;2;2014;11 625;V;1;2014;12.2;V;1;2013;11.75;V;1;2014;10 279;V;2;2014;7;AC;2;2014;11;V;1;2014;7;AC;2;2014;14.75;V;1;2014;11.7;V;1;2014;10.35;V;1;2014;10.3;V;2;2014
13013136;14.3;V;1;2014;13;V;1;2014;9;AC;2;2014;15;V;1;2014;11.3;V;1;2013;10;V;2;2014;12.1;V;2;2014;10;V;2;2014;10;V;2;2014;;;;;10.75;V;1;2014;8.05;NV;2;2014;10;V;2;2014;;;1;2014
13013138;14.8;V;1;2014;11;V;1;2014;8.1;AC;2;2014;10.5;V;1;2014;10;V;2;2013;13.25;V;1;2014;11 275;V;2;2014;10;V;2;2014;20;V;1;2014;14.1;V;1;2014;13;V;1;2014;18 475;V;1;2014;14.5;V;1;2014;15 013;V;2;2014
13013147;0;NRA;1;2014;;;1;2014;0;NRA;1;2014;0;NRA;1;2014;11.7;V;1;2013;0;NRA;1;2014;;;1;2014;;;;;;;1;2014;;;;;;;1;2014;;;1;2014;;;1;2014;;;1;2014
13013154;11.5;V;1;2014;16.5;V;1;2014;8.7;AC;2;2014;10;V;1;2014;10;V;2;2013;10;V;2;2014;11 117;V;2;2014;3 675;NRA;1;2014;6;NV;2;2014;;;;;11 672;V;1;2014;12 625;V;1;2014;10;V;2;2014;;;1;2014
13013156;10;V;2;2014;10;V;2;2014;7;NV;2;2014;6;NV;2;2014;10;V;1;2013;10.25;V;1;2014;8 875;NV;2;2014;;;;;;;1;2014;;;;;7 375;NV;2;2014;11.15;V;1;2014;10.6;V;1;2014;;;1;2014
13013157;5.7;NV;2;2014;;;;;;;;;;;;;10.2;V;1;2013;12;V;1;2014;;;1;2014;;;;;;;1;2014;;;;;;;;;;;1;2014;;;1;2014;;;1;2014
13013163;10.35;V;1;2014;9;AC;2;2014;10.2;V;1;2014;13;V;1;2014;10.2;V;1;2013;12.75;V;1;2014;10 917;V;2;2014;10;V;2;2014;12;V;1;2014;7;AC;2;2014;9.5;AC;2;2014;16.95;V;1;2014;11.3;V;1;2014;11 125;V;2;2014
13013165;;;;;;;;;3.1;NRA;1;2014;9 125;NV;2;2014;;;;;12.5;V;1;2014;;;1;2014;;;;;;;1;2014;;;;;;;1;2014;;;1;2014;;;1;2014;;;1;2014
13013166;7;NV;2;2014;9;NV;2;2014;2.2;NRA;1;2014;9.25;NV;2;2014;10;V;2;2013;15.75;V;1;2014;8 867;NV;2;2014;3.15;NRA;1;2014;5;NV;2;2014;;;;;8.5;NV;2;2014;6.45;NV;2;2014;7.5;NV;2;2014;;;1;2014
13013167;;;;;;;;;;;;;;;;;;;;;;;;;;;1;2014;;;;;;;1;2014;;;;;;;;;;;1;2014;;;;;;;1;2014
13013168;10.4;V;1;2014;12;V;1;2014;10;V;1;2014;11 625;V;1;2014;12.4;V;1;2013;14;V;1;2014;11 738;V;1;2014;11.5;V;1;2014;11;V;1;2014;10;V;1;2014;10.25;V;1;2014;14.45;V;1;2014;14.6;V;1;2014;11 967;V;1;2014
13013171;10;V;2;2014;10;V;2;2014;10.5;V;1;2014;10;V;2;2014;12.7;V;1;2013;12;V;1;2014;10 867;V;2;2014;7;AC;2;2014;10;V;2;2014;7;AC;2;2014;10;V;2;2014;12.85;V;1;2014;13.2;V;1;2014;10 008;V;2;2014
13013172;7;AC;2;2014;11;V;1;2014;8;AC;2;2014;14;V;1;2014;10;V;2;2013;13.5;V;1;2014;10 583;V;2;2014;7;AC;2;2014;10;V;2;2014;7;AC;2;2014;14;V;1;2014;10;V;2;2014;10.2;V;1;2014;9.7;AC;2;2014
13013181;;;;;;;;;;;;;;;;;;;;;;;;;;;1;2014;;;1;2014;;;1;2014;;;;;;;;;1.75;NRA;1;2014;;;1;2014;;;1;2014
13013182;11.9;V;1;2014;15.5;V;1;2014;10;V;1;2014;10.25;V;1;2014;12;V;1;2013;10;V;1;2014;11 608;V;1;2014;7;AC;2;2014;10;V;1;2014;7.6;AC;2;2014;11.5;V;1;2014;13.35;V;1;2014;16.8;V;1;2014;11 042;V;2;2014
13013183;;;;;;;;;;;;;;;;;;;;;;;;;;;1;2014;;;;;;;1;2014;;;;;;;;;;;1;2014;;;;;;;1;2014
13013188;;;;;;;;;7;NV;2;2014;;;;;;;;;10;V;2;2014;;;1;2014;2.95;NRA;1;2014;10;V;2;2014;;;;;4.75;NRA;1;2014;14.05;V;1;2014;12;V;1;2014;;;1;2014
13013189;;;;;;;;;3.75;NRA;1;2014;10;V;2;2014;;;;;13.5;V;1;2014;;;1;2014;;;;;;;1;2014;;;;;10;V;1;2014;10.05;V;1;2014;10;V;2;2014;;;1;2014
13013196;10;V;2;2014;9;NV;2;2014;3.4;NRA;1;2014;10.75;V;1;2014;10.1;V;1;2013;11.25;V;1;2014;9 083;;2;2014;;;;;;;;;;;;;8.5;NV;2;2014;13.15;V;1;2014;10;V;1;2014;;;1;2014
13013199;;;;;;;;;;;;;10;V;1;2014;;;;;13.5;V;1;2014;;;1;2014;;;1;2014;1.5;NRA;1;2014;;;;;;;;;17 375;V;1;2014;13.1;V;1;2014;;;1;2014
13013210;10.45;V;1;2014;14.75;V;1;2014;10.1;V;1;2014;14.5;V;1;2014;11;V;1;2013;10.75;V;1;2014;11 925;V;1;2014;10;V;2;2014;15;V;1;2014;10;V;1;2014;11.5;V;1;2014;13 625;V;1;2014;16.65;V;1;2014;12 796;V;2;2014
13013211;10.1;V;1;2014;;;;;7.5;NV;2;2014;;;;;10;V;1;2013;10;V;1;2014;;;1;2014;10;V;2;2014;11;V;1;2014;;;;;9.75;NV;2;2014;16.45;V;1;2014;12.7;V;1;2014;;;1;2014
13013212;10;V;2;2014;10.75;V;1;2014;7;AC;2;2014;10;V;1;2014;10.2;V;1;2013;13.25;V;1;2014;10.2;V;2;2014;3 075;NRA;1;2014;10;V;2;2014;4.1;NRA;1;2014;8.25;NV;2;2014;8.4;NV;2;2014;9.1;NV;2;2014;7 154;NV;2;2014
13013219;10;V;2;2014;9.5;AC;2;2014;10;V;2;2014;10;V;1;2014;10.3;V;1;2013;10.75;V;1;2014;10 092;V;2;2014;7;AC;2;2014;10;V;2;2014;7.4;AC;2;2014;11.5;V;1;2014;15.65;V;1;2014;16.4;V;1;2014;11 325;V;2;2014
13013225;2.6;NRA;1;2014;10;V;2;2014;7.7;NV;2;2014;8.75;NV;2;2014;13.6;V;1;2013;11;V;1;2014;8 942;NV;2;2014;.7;NRA;1;2014;1;NRA;1;2014;2.2;NRA;1;2014;10.75;V;1;2014;7.3;NV;2;2014;.1;NRA;1;2014;3 675;NV;2;2014
13013240;9.2;AC;2;2014;11.75;V;1;2014;10.3;V;1;2014;16.75;V;1;2014;10.8;V;1;2013;10;V;1;2014;11 467;V;2;2014;7;AC;2;2014;11;V;1;2014;11.4;V;1;2014;10;V;2;2014;16.65;V;1;2014;15.1;V;1;2014;11 858;V;2;2014
13013264;12.2;V;1;2014;14.5;V;1;2014;10.7;V;1;2014;11.25;V;1;2014;10.9;V;1;2013;15;V;1;2014;12 425;V;1;2014;10.35;V;1;2014;16;V;1;2014;10.2;V;1;2014;14.25;V;1;2014;15.2;V;1;2014;17.5;V;1;2014;13 917;V;1;2014
13013269;;;;;;;;;7;NV;2;2014;8.75;NV;2;2014;;;;;;;;;;;1;2014;10;V;2;2014;8;NV;2;2014;;;;;11;V;1;2014;10;V;2;2014;10;V;2;2014;;;1;2014
13013273;15.5;V;1;2014;10.5;V;1;2014;12.8;V;1;2014;15;V;1;2014;13.5;V;1;2013;12.75;V;1;2014;13 342;V;1;2014;10;V;1;2014;18;V;1;2014;10;V;2;2014;11.25;V;1;2014;19.65;V;1;2014;16.6;V;1;2014;14.25;V;2;2014
13013276;10;V;2;2014;5;NV;2;2014;8.3;NV;2;2014;5.75;NV;2;2014;11;V;1;2013;12 375;V;1;2014;8 738;NV;2;2014;;;;;;;1;2014;;;;;9 375;NV;2;2014;11.6;V;1;2014;11.9;V;1;2014;;;1;2014
13013299;12.3;V;1;2014;16.5;V;1;2014;10;V;1;2014;13.25;V;1;2014;11.2;V;1;2013;16.5;V;1;2014;13 292;V;1;2014;;;;;;;1;2014;;;;;12.5;V;1;2014;17.75;V;1;2014;13.2;V;1;2014;;;1;2014
13013315;13.1;V;1;2014;17;V;1;2014;10;V;1;2014;12 375;V;1;2014;10.5;V;1;2013;12.75;V;1;2014;12 621;V;1;2014;12 525;V;1;2014;12;V;1;2014;12;V;1;2014;9.5;AC;2;2014;17.1;V;1;2014;13;V;1;2014;12 688;V;2;2014
13013337;10.8;V;1;2014;14.5;V;1;2014;3.5;NRA;1;2014;5.25;NV;2;2014;11.8;V;1;2013;12.5;V;1;2014;9 725;;2;2014;;;;;;;1;2014;;;;;10;V;2;2014;14.55;V;1;2014;2;NRA;1;2014;;;1;2014
13013347;13.1;V;1;2014;12.75;V;1;2014;10.5;V;1;2014;13.25;V;1;2014;12.8;V;1;2013;14;V;1;2014;12 733;V;1;2014;13 075;V;1;2014;18;V;1;2014;14.3;V;1;2014;9;AC;2;2014;19 075;V;1;2014;13.8;V;1;2014;14 542;V;2;2014
13013360;;;;;10;V;1;2014;10;V;2;2014;;;;;;;;;10;V;2;2014;;;1;2014;12 075;V;1;2014;10;V;1;2014;10;V;2;2014;10;V;2;2014;15.5;V;1;2014;;;;;;;1;2014
13013361;;;;;3;NRA;1;2014;.25;NRA;1;2014;7.25;NV;2;2014;;;;;8.2;NV;2;2014;;;1;2014;;;1;2014;;;1;2014;5;NV;2;2014;3;NRA;1;2014;;;1;2014;;;;;;;1;2014
13013397;;;;;;;;;10;V;2;2014;;;;;;;;;10;V;2;2014;;;1;2014;;;;;;;1;2014;;;;;6.75;NV;2;2014;11 475;V;1;2014;10.8;V;1;2014;;;1;2014
13013402;12.25;V;1;2014;10.5;V;1;2014;12.2;V;1;2014;8.5;AC;2;2014;11.4;V;1;2013;13 625;V;1;2014;11 413;V;2;2014;12;V;1;2014;13;V;1;2014;12.4;V;1;2014;11.25;V;1;2014;17.05;V;1;2014;14.8;V;1;2014;13 417;V;1;2014
13013411;12.65;V;1;2014;13.5;V;1;2014;11.1;V;1;2014;14 625;V;1;2014;12.3;V;1;2013;12.5;V;1;2014;12 779;V;1;2014;9.4;AC;2;2014;16;V;1;2014;10 776;V;1;2014;12.5;V;1;2014;16.85;V;1;2014;10.9;V;1;2014;12 738;V;2;2014
13013415;;;;;;;;;;;;;5 875;NV;2;2014;;;;;;;;;;;1;2014;;;;;;;1;2014;;;;;;;;;15.75;V;1;2014;10;V;2;2014;;;1;2014
13013428;13.6;V;1;2014;12.5;V;1;2014;10.9;V;1;2014;14.5;V;1;2014;12.9;V;1;2013;10.75;V;1;2014;12 525;V;1;2014;13;V;1;2014;10;V;1;2014;10;V;2;2014;10.75;V;1;2014;16 375;V;1;2014;16.6;V;1;2014;12 788;V;2;2014
13013430;10;V;2;2014;10;V;2;2014;7;AC;2;2014;10;V;2;2014;10;V;2;2013;14.25;V;1;2014;10 208;V;2;2014;4.55;NRA;1;2014;8;NV;2;2014;3.5;NRA;1;2014;7.25;NV;2;2014;7.5;NV;2;2014;12.3;V;1;2014;7 183;NV;2;2014
13013434;10.7;V;1;2014;16;V;1;2014;10;V;2;2014;12.5;V;1;2014;12.3;V;1;2013;12;V;1;2014;12.25;V;2;2014;4.07;NRA;1;2014;5;NV;2;2014;10.3;V;1;2014;5.25;NV;2;2014;12.25;V;1;2014;14.2;V;1;2014;8 512;NV;2;2014
13013438;10.9;V;1;2014;10;V;2;2014;10;V;2;2014;7;AC;2;2014;13.4;V;1;2013;10;V;2;2014;10 217;V;2;2014;11.35;V;1;2014;;;1;2014;;;;;11.5;V;1;2014;17 475;V;1;2014;15.1;V;1;2014;;;1;2014
13013440;;;;;10;V;2;2014;;;;;;;;;10;V;2;2013;10.75;V;1;2014;;;1;2014;3.5;NRA;1;2014;7;NV;2;2014;5;NV;2;2014;7.25;NV;2;2014;14.05;V;1;2014;10;V;2;2014;7.8;NV;2;2014
13013441;;;;;2.5;NRA;1;2014;1.1;NRA;1;2014;;;;;;;;;0;NRA;1;2014;;;1;2014;;;1;2014;;;1;2014;.8;NRA;1;2014;;;1;2014;;;1;2014;;;1;2014;;;1;2014
13013442;14.8;V;1;2014;18.5;V;1;2014;10;V;2;2014;14.5;V;1;2014;11.3;V;1;2013;13;V;1;2014;13 683;V;2;2014;12.55;V;1;2014;19.5;V;1;2014;10;V;2;2014;11.5;V;1;2014;18.75;V;1;2014;13.3;V;1;2014;14 267;V;2;2014
13013444;10;V;2;2014;7.75;AC;2;2014;10.4;V;1;2014;13;V;1;2014;10.2;V;1;2013;10.75;V;1;2014;10.35;V;2;2014;10;V;2;2014;10;V;2;2014;10;V;2;2014;10.75;V;1;2014;11.6;V;1;2014;11.75;V;1;2014;10 683;V;2;2014
13013458;;;;;;;;;0;NRA;1;2014;6 125;NV;2;2014;;;;;15.25;V;1;2014;;;1;2014;;;;;;;1;2014;;;;;;;1;2014;;;1;2014;;;;;;;1;2014
13013467;13.6;V;1;2014;13.5;V;1;2014;10;V;2;2014;8 875;AC;2;2014;14.5;V;1;2013;14.5;V;1;2014;12 496;V;2;2014;9.5;AC;2;2014;10;V;2;2014;10.5;V;1;2014;12;V;1;2014;13.75;V;1;2014;14.2;V;1;2014;11 658;V;2;2014
13013475;;;;;;;;;;;;;0;NRA;1;2014;;;;;0;NRA;1;2014;;;1;2014;;;;;;;1;2014;;;;;;;;;;;1;2014;;;1;2014;;;1;2014
13013491;10.95;V;1;2014;9.5;AC;2;2014;7.5;AC;2;2014;10 875;V;1;2014;10;V;2;2013;15;V;1;2014;10 638;V;2;2014;3 325;NRA;1;2014;12;V;1;2014;;;;;8.75;NV;2;2014;4.4;NRA;1;2014;4.8;NRA;1;2014;;;1;2014
13013549;11;V;1;2014;10;V;1;2014;10.5;V;1;2014;17 125;V;1;2014;10.8;V;1;2013;12.75;V;1;2014;12 029;V;1;2014;8;AC;2;2014;10;V;2;2014;7;AC;2;2014;10.5;V;1;2014;10;V;2;2014;10.6;V;1;2014;9.35;AC;2;2014
13013580;8;NV;2;2014;12.25;V;1;2014;8.5;NV;2;2014;10.5;V;1;2014;10;V;2;2013;11.25;V;1;2014;10 083;V;2;2014;8.5;NV;2;2014;10;V;2;2014;;;;;12.75;V;1;2014;11.3;V;1;2014;11.7;V;1;2014;;;1;2014
13013585;10.6;V;1;2014;10.5;V;1;2014;7.7;AC;2;2014;8.25;AC;2;2014;11.6;V;1;2013;11.5;V;1;2014;10 025;V;2;2014;4 525;NRA;1;2014;8;NV;2;2014;;;;;7.75;NV;2;2014;8.2;AC;2;2014;13.15;V;1;2014;;;1;2014
13013594;;;;;;;;;;;;;;;;;;;;;0;NRA;1;2014;;;1;2014;;;;;;;1;2014;;;;;;;;;;;1;2014;;;;;;;1;2014
13013608;10;V;2;2014;11;V;1;2014;10;V;2;2014;7;AC;2;2014;10;V;2;2013;14;V;1;2014;10 333;V;2;2014;10;V;2;2014;10;V;2;2014;7;AC;2;2014;12 125;V;1;2014;14.75;V;1;2014;10;V;2;2014;10 646;V;2;2014
13013614;;;;;10;V;2;2014;10;V;2;2014;11.75;V;1;2014;10;V;2;2013;;;;;;;1;2014;4 825;NRA;1;2014;12;V;1;2014;;;;;11 125;V;1;2014;11.1;V;1;2014;11.7;V;1;2014;;;1;2014
13013618;10.7;V;1;2014;7;AC;2;2014;10.1;V;1;2014;7;AC;2;2014;11.1;V;1;2013;14.75;V;1;2014;10 108;V;2;2014;10;V;2;2014;7;NV;2;2014;;;;;9;NV;2;2014;10;V;2;2014;10;V;2;2014;;;1;2014
13013629;11.8;V;1;2014;5.5;NV;2;2014;4.1;NRA;1;2014;10;V;1;2014;10;V;2;2014;12.5;V;1;2014;8 983;NV;2;2014;;;;;;;1;2014;;;;;8.5;NV;2;2014;12.45;V;1;2014;;;;;;;1;2014
13013645;;;;;;;;;;;;;;;;;;;;;8;NV;2;2014;;;1;2014;;;;;;;1;2014;;;;;;;;;1.2;NRA;1;2014;;;;;;;1;2014
13013653;10.8;V;1;2014;10.5;V;1;2014;10.9;V;1;2014;12 625;V;1;2014;10;V;1;2013;11 625;V;1;2014;11 075;V;1;2014;10;V;2;2014;10;V;2;2014;12;V;1;2014;12.75;V;1;2014;14.65;V;1;2014;13.2;V;1;2014;12.1;V;2;2014
13013654;;;;;;;;;7;NV;2;2014;7;NV;2;2014;;;;;12.75;V;1;2014;;;1;2014;8;NV;2;2014;11;V;1;2014;;;;;11.75;V;1;2014;16.15;V;1;2014;13.5;V;1;2014;;;1;2014
13013656;10.1;V;1;2014;16.5;V;1;2014;12.2;V;1;2014;14.5;V;1;2014;12.2;V;1;2013;15.25;V;1;2014;13 458;V;1;2014;10;V;2;2014;16;V;1;2014;11;V;1;2014;14.25;V;1;2014;17.25;V;1;2014;14.25;V;1;2014;13 792;V;2;2014
13013664;;;;;;;;;;;;;11 125;V;1;2014;;;;;11 625;V;1;2014;;;1;2014;;;;;;;1;2014;;;;;;;;;6.4;NV;2;2014;.4;NRA;1;2014;;;1;2014
13013669;10;V;2;2014;12;V;1;2014;9.3;AC;2;2014;10;V;1;2014;10.4;V;1;2013;10.75;V;1;2014;10 408;V;2;2014;7;AC;2;2014;10;V;2;2014;10;V;2;2014;12.75;V;1;2014;10;V;2;2014;14.1;V;1;2014;10 642;V;2;2014
13013682;10.1;V;1;2014;7.5;AC;2;2014;7;AC;2;2014;10;V;1;2014;10;V;2;2013;16.75;V;1;2014;10 225;V;2;2014;;;;;;;;;;;;;9.25;NV;2;2014;16.3;V;1;2014;10;V;2;2014;;;1;2014
13013685;9;AC;2;2014;10.5;V;1;2014;10;V;2;2014;8;AC;2;2014;10.7;V;1;2013;12;V;1;2014;10 033;V;2;2014;10;V;2;2014;12;V;1;2014;8.5;AC;2;2014;10;V;2;2014;14.9;V;1;2014;11.8;V;1;2014;11.2;V;2;2014
13013687;;;1;2014;;;1;2014;3.9;NRA;1;2014;11.5;V;1;2014;10.4;V;1;2013;;;1;2014;;;1;2014;;;;;;;1;2014;;;;;9;NV;2;2014;18.55;V;1;2014;6.3;NV;2;2014;;;1;2014
13013688;;;;;10;V;2;2014;7.6;NV;2;2014;;;;;;;;;11.25;V;1;2014;;;1;2014;5 375;NV;2;2014;7;NV;2;2014;7.3;NV;2;2014;10;V;1;2014;10.8;V;1;2014;;;;;;;1;2014
13013690;10;V;2;2014;14.25;V;1;2014;10;V;1;2014;11 625;V;1;2014;11.1;V;1;2013;11.5;V;1;2014;11 413;V;2;2014;7 325;AC;2;2014;12;V;1;2014;10;V;2;2014;12;V;1;2014;10.25;V;1;2014;10.75;V;1;2014;10 388;V;2;2014
13013692;9.5;AC;2;2014;12;V;1;2014;10;V;1;2014;11 125;V;1;2014;13.3;V;1;2013;12.75;V;1;2014;11 446;V;2;2014;11.1;V;1;2014;10;V;2;2014;10;V;2;2014;11.5;V;1;2014;17.3;V;1;2014;10;V;2;2014;11.65;V;2;2014
13013694;10.7;V;1;2014;10;V;1;2014;10.8;V;1;2014;11 125;V;1;2014;10.7;V;1;2013;13.5;V;1;2014;11 138;V;1;2014;10;V;2;2014;10;V;2;2014;11;V;1;2014;11.75;V;1;2014;15.05;V;1;2014;16.1;V;1;2014;12 317;V;2;2014
13013697;10;V;2;2014;;;;;4.4;NRA;1;2014;;;;;10.1;V;1;2013;10;V;2;2014;;;1;2014;5.35;NV;2;2014;12;V;1;2014;;;;;7.75;NV;2;2014;12.25;V;1;2014;1.6;NRA;1;2014;;;1;2014
13013744;13.65;V;1;2014;17;V;1;2014;12.7;V;1;2014;13.75;V;1;2014;11.9;V;1;2013;15 125;V;1;2014;14 021;V;1;2014;10.35;V;1;2014;16;V;1;2014;;;;;13.75;V;1;2014;12.55;V;1;2014;12.55;V;1;2014;;;1;2014
13013748;10;V;2;2014;7;AC;2;2014;10.1;V;1;2014;11 375;V;1;2014;10;V;2;2013;14.25;V;1;2014;10 454;V;2;2014;;;;;;;1;2014;;;;;10.25;V;1;2014;12.1;V;1;2014;10.2;V;1;2014;;;1;2014
13013755;;;;;;;;;;;;;;;;;;;;;8;NV;2;2014;;;1;2014;;;;;;;1;2014;;;;;;;;;3 275;NRA;1;2014;;;;;;;1;2014
13013763;10;V;2;2014;15.5;V;1;2014;8;AC;2;2014;13 625;V;1;2014;14.5;V;1;2013;15.75;V;1;2014;12 896;V;2;2014;11;V;1;2014;14;V;1;2014;11.2;V;1;2014;14.25;V;1;2014;17.45;V;1;2014;10.3;V;1;2014;13 033;V;1;2014
13013766;9.5;AC;2;2014;8;AC;2;2014;7.5;AC;2;2014;10;V;1;2014;10;V;2;2013;15;V;1;2014;10;V;2;2014;4.45;NRA;1;2014;12;V;1;2014;;;;;10;V;2;2014;14.6;V;1;2014;14.5;V;1;2014;;;1;2014
13013779;;;;;;;;;;;;;;;;;;;;;10.25;V;1;2014;;;1;2014;;;;;;;1;2014;;;;;;;;;7;NV;2;2014;;;;;;;1;2014
13013783;;;;;;;;;5;NV;2;2014;;;;;;;;;11.5;V;1;2014;;;1;2014;3 425;NRA;1;2014;5;NV;2;2014;;;;;8.75;NV;2;2014;10.65;V;1;2014;;;;;;;1;2014
13013785;;;;;;;;;;;;;;;;;;;;;0;NRA;1;2014;;;1;2014;;;;;;;1;2014;;;;;;;;;;;1;2014;;;;;;;1;2014
13013792;;;;;10.5;V;1;2014;7.5;NV;2;2014;;;;;10.7;V;1;2013;10;V;2;2014;;;1;2014;5.05;NV;2;2014;10;V;2;2014;;;;;7;NV;2;2014;10.45;V;1;2014;11.5;V;1;2014;;;1;2014
13013794;10.4;V;1;2014;11.5;V;1;2014;10.4;V;1;2014;13.25;V;1;2014;10.9;V;1;2013;14;V;1;2014;11 742;V;1;2014;11.85;V;1;2014;14;V;1;2014;10.7;V;1;2014;15;V;1;2014;18 825;V;1;2014;16.7;V;1;2014;14 513;V;1;2014
13013796;;;;;;;;;;;;;6.25;NV;2;2014;10.1;V;1;2013;10;V;2;2014;;;1;2014;1 975;NRA;1;2014;10;V;2;2014;;;;;;;;;12.95;V;1;2014;9;NV;2;2014;;;1;2014
13013849;;;;;;;;;;;;;;;;;;;;;10;V;2;2014;;;1;2014;;;;;;;1;2014;;;;;;;;;;;1;2014;;;;;;;1;2014
13013854;11.55;V;1;2014;10;V;2;2014;8.1;AC;2;2014;9;AC;2;2014;10;V;2;2013;11.5;V;1;2014;10 025;V;2;2014;8 375;AC;2;2014;10;V;2;2014;9.36;AC;2;2014;11 372;V;1;2014;9.15;AC;2;2014;10;V;2;2014;9.71;AC;2;2014
13013868;;;;;;;;;;;;;0;NRA;1;2014;;;;;0;NRA;1;2014;;;1;2014;;;;;;;1;2014;;;;;;;;;;;1;2014;;;1;2014;;;1;2014
13013881;10.7;V;1;2014;7.75;AC;2;2014;7;AC;2;2014;13.75;V;1;2014;10;V;2;2013;14 625;V;1;2014;10 638;V;2;2014;1.3;NRA;1;2014;10;V;2;2014;;;;;10;V;2;2014;10.5;V;1;2014;12.3;V;1;2014;;;1;2014
13013882;12.85;V;1;2014;10.5;V;1;2014;10;V;2;2014;16.25;V;1;2014;10;V;2;2013;10 875;V;1;2014;11 746;V;2;2014;;;;;10;V;2;2014;7.3;NV;2;2014;10;V;2;2014;7.7;NV;2;2014;12.7;V;1;2014;;;1;2014
13013883;11;V;1;2014;9;AC;2;2014;7.5;AC;2;2014;10.25;V;1;2014;10;V;2;2013;12.5;V;1;2014;10 042;V;2;2014;10;V;2;2014;8;AC;2;2014;9;AC;2;2014;10 125;V;1;2014;13.6;V;1;2014;12.3;V;1;2014;10 504;V;2;2014
13013886;;;;;;;;;;;;;3;NRA;1;2014;;;;;8.9;NV;2;2014;;;1;2014;;;1;2014;;;1;2014;;;;;;;;;;;1;2014;;;;;;;1;2014
13013887;10.1;V;1;2014;11.75;V;1;2014;9.2;AC;2;2014;11.75;V;1;2014;14.8;V;1;2013;14 625;V;1;2014;12 038;V;2;2014;10;V;2;2014;14;V;1;2014;7;AC;2;2014;12 625;V;1;2014;18;V;1;2014;11.3;V;1;2014;12 154;V;2;2014
13013892;;;;;;;;;;;;;;;;;;;;;.125;NRA;1;2014;;;1;2014;;;;;;;1;2014;;;;;;;;;;;;;;;;;;;1;2014
13013894;;;;;;;;;;;;;;;;;;;;;;;;;;;1;2014;;;;;;;1;2014;;;;;;;;;;;1;2014;;;;;;;1;2014
13013895;5.8;NV;2;2014;4;NRA;1;2014;5;NV;2;2014;10;V;1;2014;10;V;2;2013;12 625;V;1;2014;7 904;NV;2;2014;;;1;2014;;;1;2014;;;;;;;1;2014;;;1;2014;;;1;2014;;;1;2014
13013897;;;;;;;;;;;;;7;NV;2;2014;;;;;10;V;2;2014;;;1;2014;;;;;;;1;2014;;;;;;;;;10;V;2;2014;1.6;NRA;1;2014;;;1;2014
13013898;7;AC;2;2014;7;AC;2;2014;10;V;2;2014;7;AC;2;2014;12;V;1;2013;15.75;V;1;2014;9 792;AC;2;2014;8 075;AC;2;2014;8.5;AC;2;2014;8;AC;2;2014;10.75;V;1;2014;17 125;V;1;2014;13.1;V;1;2014;10 925;V;2;2014
13013900;7;NV;2;2014;5.75;NV;2;2014;8.8;NV;2;2014;9.25;NV;2;2014;10.8;V;1;2013;8.88;NV;2;2014;8 413;NV;2;2014;;;1;2014;4;NRA;1;2014;2.3;NRA;1;2014;9;NV;2;2014;;;1;2014;.6;NRA;1;2014;;;1;2014
13013901;;;;;;;;;4.3;NRA;1;2014;8.75;NV;2;2014;;;;;13;V;1;2014;;;1;2014;;;;;;;1;2014;;;;;10;V;2;2014;;;1;2014;;;;;;;1;2014
13013910;10.7;V;1;2014;18;V;1;2014;10;V;2;2014;12;V;1;2014;13.8;V;1;2013;14.75;V;1;2014;13 208;V;2;2014;10;V;2;2014;10;V;2;2014;8.4;AC;2;2014;9;AC;2;2014;7.5;AC;2;2014;10.65;V;1;2014;9 258;AC;2;2014
13013911;10.1;V;1;2014;7;AC;2;2014;10.3;V;1;2014;15.25;V;1;2014;12.7;V;1;2013;13 125;V;1;2014;11 413;V;2;2014;5.95;NV;2;2014;6;NV;2;2014;5.1;NV;2;2014;9.5;NV;2;2014;0;NRA;1;2014;12.65;V;1;2014;6 533;NV;2;2014
13013913;;;;;;;;;;;;;;;;;;;;;0;NRA;1;2014;;;1;2014;;;;;;;1;2014;;;;;;;;;;;1;2014;;;;;;;1;2014
13013915;;;;;;;;;;;;;;;;;;;;;;;;;;;1;2014;;;;;;;1;2014;;;;;;;;;;;1;2014;10;V;2;2014;;;1;2014
13013918;;;;;;;;;1.6;NRA;1;2014;;;;;;;;;10;V;1;2014;;;1;2014;;;;;;;1;2014;;;;;;;1;2014;;;;;8.4;NV;2;2014;;;1;2014
13013919;2.6;NRA;1;2014;8;NV;2;2014;7.5;NV;2;2014;12.25;V;1;2014;10;V;2;2013;10;V;2;2014;8 392;NV;2;2014;;;;;;;1;2014;;;;;10;V;1;2014;5.05;NV;2;2014;10.45;V;1;2014;;;1;2014
13013949;15.6;V;1;2014;14.25;V;1;2014;10;V;2;2014;13.75;V;1;2014;12.1;V;1;2013;14.5;V;1;2014;13 367;V;2;2014;14;V;1;2014;12;V;1;2014;10.9;V;1;2014;11.75;V;1;2014;19.35;V;1;2014;13.9;V;1;2014;13.65;V;1;2014
13013964;10;V;2;2014;14;V;1;2014;10.2;V;1;2014;12 625;V;1;2014;10;V;2;2013;11;V;1;2014;11 304;V;2;2014;;;;;;;;;10;V;1;2014;10.75;V;1;2014;16.6;V;1;2014;13.45;V;1;2014;;;1;2014
13013965;;;;;;;;;7;NV;2;2014;9.25;NV;2;2014;10;V;2;2013;11;V;1;2014;;;1;2014;10;V;2;2014;;;1;2014;;;;;7;NV;2;2014;15.3;V;1;2014;10;V;2;2014;;;1;2014
13013966;11.2;V;1;2014;14.75;V;1;2014;8.95;AC;2;2014;14 625;V;1;2014;10;V;2;2013;12 875;V;1;2014;12 067;V;2;2014;10;V;2;2014;10;V;1;2014;10;V;2;2014;12.33;V;1;2014;16 925;V;1;2014;10.7;V;1;2014;11 659;V;2;2014
13013970;7;AC;2;2014;14.5;V;1;2014;7;AC;2;2014;8.75;AC;2;2014;10;V;2;2013;13;V;1;2014;10 042;V;2;2014;7;AC;2;2014;10;V;2;2014;7.1;AC;2;2014;12.5;V;1;2014;9.9;AC;2;2014;11;V;1;2014;9 583;AC;2;2014
13013971;;;;;;;;;;;;;;;;;;;;;;;;;;;1;2014;;;;;;;1;2014;;;;;;;;;;;1;2014;;;;;;;1;2014
13013974;11.6;V;1;2014;12;V;1;2014;10;V;2;2014;8.5;AC;2;2014;10;V;2;2013;14.25;V;1;2014;11 058;V;2;2014;7 325;AC;2;2014;10;V;2;2014;10.4;V;1;2014;8.75;AC;2;2014;16.25;V;1;2014;10;V;1;2014;10 454;V;2;2014
13013977;;;;;;;;;8.5;NV;2;2014;;;;;;;;;12.5;V;1;2014;;;1;2014;;;;;;;1;2014;;;;;3.25;NRA;1;2014;5.15;NV;2;2014;10;V;2;2014;;;1;2014
13013978;10;V;2;2014;10;V;2;2014;8.5;AC;2;2014;7.25;AC;2;2014;15.1;V;1;2013;14;V;1;2014;10 808;V;2;2014;9;AC;2;2014;10;V;2;2014;10;V;2;2014;12 875;V;1;2014;11.8;V;1;2014;12.6;V;1;2014;11 046;V;2;2014
13013979;12.4;V;1;2014;16;V;1;2014;9.2;AC;2;2014;11.25;V;1;2014;13.3;V;1;2013;11.25;V;1;2014;12 233;V;2;2014;7;AC;2;2014;10;V;1;2014;8.1;AC;2;2014;13;V;1;2014;16.05;V;1;2014;14.7;V;1;2014;11 475;V;2;2014
13013982;10;V;2;2014;14;V;1;2014;7.5;AC;2;2014;13;V;1;2014;10.9;V;1;2013;14.5;V;1;2014;11.65;V;2;2014;10;V;2;2014;10;V;2;2014;10.8;V;1;2014;11.25;V;1;2014;10;V;2;2014;14.8;V;1;2014;11 142;V;2;2014
13013984;10.2;V;1;2014;10.5;V;1;2014;8.5;AC;2;2014;12.75;V;1;2014;10.8;V;1;2013;14.75;V;1;2014;11.25;V;2;2014;7;AC;2;2014;10;V;1;2014;7.5;AC;2;2014;13.25;V;1;2014;12 675;V;1;2014;10;V;2;2014;10 071;V;2;2014
13013991;;;;;3;NRA;1;2014;;;;;;;;;10;V;2;2013;11.25;V;1;2014;;;1;2014;4 275;NRA;1;2014;4;NRA;1;2014;5.1;NV;2;2014;6 125;NV;2;2014;1.5;NRA;1;2014;2.3;NRA;1;2014;3 883;NV;2;2014
13014035;7;NV;2;2014;7;NV;2;2014;8.1;NV;2;2014;4 625;NRA;1;2014;10.6;V;1;2013;10;V;2;2014;7 888;NV;2;2014;2.4;NRA;1;2014;10;V;2;2014;;;;;10;V;2;2014;6.1;NV;2;2014;10;V;1;2014;;;1;2014
13014055;;;;;;;;;;;;;;;;;;;;;10.75;V;1;2014;;;1;2014;2.2;NRA;1;2014;2;NRA;1;2014;;;;;;;;;;;1;2014;1.3;NRA;1;2014;;;1;2014
13014059;;;;;;;;;;;;;6 375;NV;2;2014;;;;;15;V;1;2014;;;1;2014;;;;;;;1;2014;;;;;;;;;;;1;2014;;;;;;;1;2014
13014072;;;;;;;;;;;;;;;;;;;;;10;V;2;2014;;;1;2014;;;;;;;1;2014;;;;;;;;;;;;;;;;;;;1;2014
13014077;;;;;;;;;;;;;;;;;;;;;12;V;1;2014;;;1;2014;2.4;NRA;1;2014;4;NRA;1;2014;;;;;;;;;7.15;NV;2;2014;8.65;NV;2;2014;;;1;2014
13014088;10;V;2;2014;2.25;NRA;1;2014;3.7;NRA;1;2014;7.25;NV;2;2014;10;V;2;2013;13.5;V;1;2014;7 783;NV;2;2014;4.35;NRA;1;2014;10;V;2;2014;;;;;9.25;NV;2;2014;2.4;NRA;1;2014;.25;NRA;1;2014;;;1;2014
13014108;;;;;;;;;10;V;2;2014;;;;;;;;;10;V;2;2014;;;1;2014;9;NV;2;2014;10;V;2;2014;;;;;4.5;NRA;1;2014;16.35;V;1;2014;16.4;V;1;2014;;;1;2014
13014119;11.1;V;1;2014;13.75;V;1;2014;10;V;2;2014;13.6;V;1;2014;12.7;V;1;2013;11;V;1;2014;12 025;V;2;2014;10;V;2;2014;13;V;1;2014;7.5;AC;2;2014;8 875;AC;2;2014;16.35;V;1;2014;12.25;V;1;2014;11 329;V;2;2014
13014120;;;;;;;;;;;;;;;;;;;;;11.5;V;1;2014;;;1;2014;;;;;;;1;2014;;;;;;;;;;;1;2014;;;1;2014;;;1;2014
13014127;10.6;V;1;2014;5;NV;2;2014;8.5;NV;2;2014;;;;;10;V;2;2013;14;V;1;2014;;;1;2014;;;1;2014;;;1;2014;;;;;;;1;2014;13.1;V;1;2014;17.8;V;1;2014;;;1;2014
13014146;;;;;;;;;;;;;;;;;;;;;10;V;2;2014;;;1;2014;;;;;;;1;2014;;;;;;;;;14.35;V;1;2014;15.1;V;1;2014;;;1;2014
13014154;10.1;V;1;2014;15.5;V;1;2014;10.1;V;1;2014;14 625;V;1;2014;11.7;V;1;2013;10.5;V;1;2014;12 088;V;1;2014;10;V;2;2014;13;V;1;2014;12.1;V;1;2014;12.5;V;1;2014;17.4;V;1;2014;13.5;V;1;2014;13 083;V;2;2014
13014162;10.7;V;1;2014;9.5;NV;2;2014;8;NV;2;2014;4 375;NRA;1;2014;11.2;V;1;2013;10.5;V;1;2014;9 046;;2;2014;8;NV;2;2014;5;NV;2;2014;;;;;8;NV;2;2014;10.75;V;1;2014;14.45;V;1;2014;;;1;2014
13014163;;;;;;;;;;;;;;;;;;;;;10;V;2;2014;;;1;2014;;;;;;;1;2014;;;;;;;;;;;1;2014;3.7;NRA;1;2014;;;1;2014
13014170;;;;;;;;;;;;;;;;;;;;;10;V;1;2014;;;1;2014;;;;;;;1;2014;;;;;;;;;3.4;NRA;1;2014;3.2;NRA;1;2014;;;1;2014
13014176;;;;;;;;;;;;;;;;;;;;;10;V;1;2014;;;1;2014;;;1;2014;;;1;2014;;;;;;;;;1.75;NRA;1;2014;;;1;2014;;;1;2014
13014181;9;AC;2;2014;11.5;V;1;2014;7.7;AC;2;2014;11.5;V;1;2014;10.2;V;1;2013;16.25;V;1;2014;11 025;V;2;2014;7;AC;2;2014;14;V;1;2014;11.4;V;1;2014;9.5;AC;2;2014;10.2;V;1;2014;11;V;1;2014;10 517;V;2;2014
13014185;;;;;;;;;;;;;9;NV;2;2014;;;;;12 125;V;1;2014;;;1;2014;;;1;2014;;;1;2014;;;;;;;;;;;1;2014;.15;NRA;1;2014;;;1;2014
13014192;;;;;9;NV;2;2014;5.6;NV;2;2014;;;;;;;;;;;;;;;1;2014;;;;;;;1;2014;3.2;NRA;1;2014;7.75;NV;2;2014;;;;;;;;;;;1;2014
13014200;10;V;2;2014;1.5;NRA;1;2014;7;NV;2;2014;10 625;V;1;2014;10;V;2;2013;12.25;V;1;2014;8 563;NV;2;2014;;;;;;;1;2014;;;;;10;V;2;2014;6.1;NV;2;2014;8;NV;2;2014;;;1;2014
13014197;10;V;2;2014;7.5;NV;2;2014;3.1;NRA;1;2014;7;NV;2;2014;8.5;NV;2;2014;13.75;V;1;2014;8 308;NV;2;2014;;;;;;;1;2014;;;;;8;NV;2;2014;11.65;V;1;2014;;;;;;;1;2014
13014202;;;;;;;;;;;;;2.75;NRA;1;2014;;;;;12.75;V;1;2014;;;1;2014;;;;;;;1;2014;;;;;;;;;4.65;NRA;1;2014;1.4;NRA;1;2014;;;1;2014
13014208;12.2;V;1;2014;10;V;2;2014;10;V;2;2014;11.5;V;1;2014;11;V;1;2013;13.5;V;1;2014;11 367;V;2;2014;10;V;2;2014;10;V;2;2014;10;V;2;2014;12;V;1;2014;14.45;V;1;2014;14.9;V;1;2014;11 892;V;2;2014
13014213;7;NV;2;2014;7;NV;2;2014;8;NV;2;2014;4.5;NRA;1;2014;10.1;V;1;2013;12;V;1;2014;8.1;NV;2;2014;10;V;2;2014;5;NV;2;2014;5.2;NV;2;2014;10.25;V;1;2014;12.65;V;1;2014;10;V;2;2014;8.85;NV;2;2014
13014218;;;;;;;;;1.8;NRA;1;2014;5.25;NV;2;2014;;;;;15.5;V;1;2014;;;1;2014;1 225;NRA;1;2014;2.5;NRA;1;2014;;;;;10.25;V;1;2014;10.7;V;1;2014;13.3;V;1;2014;;;1;2014
13014224;10.3;V;1;2014;10;V;2;2014;10.3;V;1;2014;10;V;1;2014;12.3;V;1;2013;12.5;V;1;2014;10.9;V;2;2014;3 625;NRA;1;2014;10;V;2;2014;;;;;13.5;V;1;2014;10.15;V;1;2014;12.6;V;1;2014;;;1;2014
13014222;12;V;1;2014;8;AC;2;2014;7;AC;2;2014;10;V;1;2014;10;V;2;2013;13 125;V;1;2014;10 021;V;2;2014;;;;;;;1;2014;;;;;8.5;NV;2;2014;5.35;NV;2;2014;8.4;NV;2;2014;;;1;2014
13014223;10.6;V;1;2014;12.5;V;1;2014;10;V;2;2014;12.5;V;1;2014;11.8;V;1;2013;14.75;V;1;2014;12 025;V;2;2014;7.65;AC;2;2014;10;V;1;2014;10;V;2;2014;13.25;V;1;2014;14.15;V;1;2014;13.35;V;1;2014;11.4;V;2;2014
13014225;;;;;;;;;;;;;;;;;;;;;;;;;;;1;2014;;;;;;;1;2014;;;;;;;;;4.15;NRA;1;2014;;;;;;;1;2014
13014238;;;;;7.5;NV;2;2014;10.2;V;1;2014;10;V;2;2014;10.1;V;1;2013;;;;;;;1;2014;5.45;NV;2;2014;;;1;2014;;;;;6.25;NV;2;2014;;;1;2014;10;V;2;2014;;;1;2014
13014243;10.6;V;1;2014;3.5;NRA;1;2014;10;V;2;2014;7;NV;2;2014;10.1;V;1;2013;10;V;2;2014;8 533;NV;2;2014;7;NV;2;2014;10;V;2;2014;;;;;10;V;2;2014;14 825;V;1;2014;10.5;V;1;2014;;;1;2014
13014256;12.6;V;1;2014;11.75;V;1;2014;8.5;AC;2;2014;14.5;V;1;2014;12.1;V;1;2013;14 625;V;1;2014;12 346;V;2;2014;10;V;2;2014;10;V;1;2014;13.2;V;1;2014;12.75;V;1;2014;15 125;V;1;2014;16.15;V;1;2014;12 871;V;2;2014
13014257;12.2;V;1;2014;13.5;V;1;2014;7.5;AC;2;2014;13 625;V;1;2014;10;V;2;2013;13;V;1;2014;11 638;V;2;2014;10;V;2;2014;10;V;2;2014;7;AC;2;2014;10;V;1;2014;11.8;V;1;2014;13;V;1;2014;10.3;V;2;2014
13014259;10;V;2;2014;10.5;V;1;2014;10.1;V;1;2014;11.5;V;1;2014;13.2;V;1;2013;15.25;V;1;2014;11 758;V;2;2014;10.4;V;1;2014;16.5;V;1;2014;;;;;11 875;V;1;2014;16.2;V;1;2014;17.15;V;1;2014;;;1;2014
13014262;;;;;;;;;;;;;;;;;;;;;;;;;;;1;2014;;;;;;;1;2014;;;;;;;;;3.55;NRA;1;2014;;;;;;;1;2014
13014263;;;;;10.5;V;1;2014;9.2;NV;2;2014;10;V;1;2014;;;;;;;;;;;1;2014;;;;;;;1;2014;7.2;NV;2;2014;8.5;NV;2;2014;11.35;V;1;2014;11.7;V;1;2014;;;1;2014
13014265;5;NV;2;2014;5.25;NV;2;2014;2.4;NRA;1;2014;10;V;1;2014;10;V;2;2013;14.25;V;1;2014;7 817;NV;2;2014;;;;;;;1;2014;;;;;12 625;V;1;2014;10.05;V;1;2014;3.1;NRA;1;2014;;;1;2014
13014277;10.7;V;1;2014;14;V;1;2014;8.7;NV;2;2014;7;NV;2;2014;12.2;V;1;2013;12.75;V;1;2014;10 892;NV;2;2014;;;1;2014;;;1;2014;;;;;;;1;2014;;;1;2014;;;1;2014;;;1;2014
13014279;13.8;V;1;2014;17.5;V;1;2014;8.5;AC;2;2014;14.5;V;1;2014;11.2;V;1;2013;14;V;1;2014;13.25;V;2;2014;10;V;2;2014;14;V;1;2014;7.5;AC;2;2014;10.5;V;1;2014;15.4;V;1;2014;12.8;V;1;2014;11.7;V;2;2014
13014281;7;NV;2;2014;;;;;;;;;;;;;;;;;;;;;;;1;2014;1.75;NRA;1;2014;3;NRA;1;2014;;;;;;;;;4.05;NRA;1;2014;;;;;;;1;2014
13014285;13.5;V;1;2014;7;AC;2;2014;11.4;V;1;2014;16 625;V;1;2014;12.6;V;1;2013;14;V;1;2014;12 521;V;2;2014;10;V;2;2014;10;V;1;2014;;;;;13.25;V;1;2014;14.95;V;1;2014;13.5;V;1;2014;;;1;2014
13014287;;;;;;;;;;;;;6;NV;2;2014;10;V;2;2013;13.75;V;1;2014;;;1;2014;;;1;2014;3;NRA;1;2014;;;;;;;;;3 075;NRA;1;2014;.7;NRA;1;2014;;;1;2014
13014292;;;;;;;;;;;;;;;;;;;;;;;;;;;1;2014;;;;;;;1;2014;;;;;;;;;;;1;2014;;;;;;;1;2014
13014306;;;1;2014;;;;;3.6;NRA;1;2014;;;1;2014;10;V;2;2013;7;NV;2;2014;;;1;2014;;;1;2014;1;NRA;1;2014;;;;;;;1;2014;13.4;V;1;2014;13.6;V;1;2014;;;1;2014
13014307;10.5;V;1;2014;17;V;1;2014;10;V;2;2014;12;V;1;2014;11.7;V;1;2013;11.25;V;1;2014;12 075;V;2;2014;11.8;V;1;2014;10;V;1;2014;10.3;V;1;2014;10.5;V;1;2014;16.4;V;1;2014;19;V;1;2014;13;V;1;2014
13014309;10;V;2;2014;;;;;;;;;;;;;10;V;2;2013;12;V;1;2014;;;1;2014;4 375;NRA;1;2014;10;V;2;2014;;;;;;;;;10.7;V;1;2014;10;V;1;2014;;;1;2014
13014310;;;;;;;;;;;;;;;;;;;;;7.5;NV;2;2014;;;1;2014;;;;;;;1;2014;;;;;;;;;1.45;NRA;1;2014;;;;;;;1;2014
13014311;10;V;2;2014;;;;;8;NV;2;2014;;;;;10.3;V;1;2013;13.5;V;1;2014;;;1;2014;3.05;NRA;1;2014;10;V;2;2014;;;;;11.25;V;1;2014;15 625;V;1;2014;14.7;V;1;2014;;;1;2014
13014330;;;;;;;;;;;;;10;V;2;2014;;;;;14;V;1;2014;;;1;2014;;;;;;;1;2014;;;;;;;;;;;1;2014;3.4;NRA;1;2014;;;1;2014
13014360;13.1;V;1;2014;10;V;2;2014;9;AC;2;2014;10.25;V;1;2014;10.3;V;1;2013;13.25;V;1;2014;10 983;V;2;2014;7;AC;2;2014;10;V;1;2014;7;AC;2;2014;10;V;1;2014;8 725;AC;2;2014;11.7;V;1;2014;9 071;AC;2;2014
13014367;10.5;V;1;2014;13;V;1;2014;10.05;V;1;2014;10;V;1;2014;10;V;2;2013;10.25;V;1;2014;10 633;V;1;2014;10;V;2;2014;10;V;1;2014;9.4;AC;2;2014;11.75;V;1;2014;17.85;V;1;2014;11.65;V;1;2014;11 775;V;2;2014
13014387;10.3;V;1;2014;11;V;1;2014;7.5;AC;2;2014;7.5;AC;2;2014;10;V;1;2013;14;V;1;2014;10.05;V;2;2014;1.5;NRA;1;2014;10;V;2;2014;3.7;NRA;1;2014;11.75;V;1;2014;10;V;2;2014;10;V;2;2014;7 825;NV;2;2014
13014448;7;NV;2;2014;6;NV;2;2014;2.15;NRA;1;2014;13;V;1;2014;10;V;1;2013;10.25;V;1;2014;8 067;NV;2;2014;;;;;3;NRA;1;2014;;;;;8.5;NV;2;2014;10 225;V;1;2014;11.2;V;1;2014;;;1;2014
13014454;7;NV;2;2014;3;NRA;1;2014;2;NRA;1;2014;10;V;2;2013;10;V;2;2014;11.75;V;1;2014;7 292;NV;2;2014;;;;;7;NV;2;2014;;;;;7.5;NV;2;2014;9.95;NV;2;2014;;;;;;;1;2014
13014464;10.1;V;1;2014;9;AC;2;2014;9.4;AC;2;2014;10;V;2;2014;10.7;V;1;2013;13 375;V;1;2014;10 429;V;2;2014;7;AC;2;2014;8;AC;2;2014;10;V;2;2014;8.5;AC;2;2014;10.7;V;1;2014;10;V;2;2014;9 033;AC;2;2014
13014466;11.2;V;1;2014;16.5;V;1;2014;7.7;AC;2;2014;8.5;AC;2;2014;7.82;AC;2;2014;12.25;V;1;2014;10 662;V;2;2014;;;;;;;1;2014;;;;;5.75;NV;2;2014;14 725;V;1;2014;;;;;;;1;2014
13014474;12;V;1;2014;8;AC;2;2014;7;AC;2;2014;10;V;1;2014;10;V;2;2013;13.75;V;1;2014;10 125;V;2;2014;7;NV;2;2014;10;V;1;2014;;;;;10;V;1;2014;12.1;V;1;2014;10.8;V;1;2014;;;1;2014
13014478;;;;;;;;;;;;;;;;;;;;;14;V;1;2014;;;1;2014;;;1;2014;8;NV;2;2014;;;;;;;;;5;NV;2;2014;3.1;NRA;1;2014;;;1;2014
13014484;10;V;2;2014;16;V;1;2014;10;V;2;2014;14;V;1;2014;10.7;V;1;2013;11.75;V;1;2014;12 075;V;2;2014;10;V;2;2014;11;V;1;2014;12;V;1;2014;15;V;1;2014;16.45;V;1;2014;13.1;V;1;2014;12 925;V;2;2014
13014503;.15;NRA;1;2014;8;NV;2;2014;9.1;NV;2;2014;7;NV;2;2014;10;V;2;2013;6.5;NV;2;2014;6 792;NV;2;2014;;;1;2014;;;1;2014;2.2;NRA;1;2014;;;1;2014;;;;;2.3;NRA;1;2014;;;1;2014
13014502;10.7;V;1;2014;10;V;2;2014;7.1;AC;2;2014;11 875;V;1;2014;10.5;V;1;2013;10;V;2;2014;10 029;V;2;2014;;;;;;;1;2014;;;;;9.75;NV;2;2014;7;NV;2;2014;13.15;V;1;2014;;;1;2014
13014510;10;V;2;2014;10;V;1;2014;8;AC;2;2014;17 875;V;1;2014;10.9;V;1;2013;11;V;1;2014;11 296;V;2;2014;10;V;2;2014;13;V;1;2014;10.1;V;1;2014;14.5;V;1;2014;13.6;V;1;2014;17;V;1;2014;13 033;V;2;2014
13014514;;;;;;;;;;;;;0;NRA;1;2014;;;;;0;NRA;1;2014;;;1;2014;;;;;;;1;2014;;;;;;;;;;;1;2014;;;1;2014;;;1;2014
13014515;;;;;;;;;7;NV;2;2014;5;NV;2;2014;;;;;;;;;;;1;2014;2 075;NRA;1;2014;7;NV;2;2014;;;;;7.25;NV;2;2014;12.2;V;1;2014;;;;;;;1;2014
13014517;;;;;;;;;;;;;;;;;;;;;;;;;;;1;2014;;;;;;;1;2014;;;;;;;;;;;1;2014;;;;;;;1;2014
13014518;9;NV;2;2014;10;V;2;2014;8;NV;2;2014;6 125;NV;2;2014;10;V;2;2014;10.25;V;1;2014;8 896;NV;2;2014;;;;;;;1;2014;;;;;8.75;NV;2;2014;6 225;NV;2;2014;;;;;;;1;2014
13014520;10.5;V;1;2014;8.25;AC;2;2014;10;V;1;2014;7.75;AC;2;2014;10.2;V;1;2013;13 375;V;1;2014;10 013;V;2;2014;5 325;NV;2;2014;8;NV;2;2014;;;;;10 375;V;1;2014;6.9;NV;2;2014;3.95;NRA;1;2014;;;1;2014
13014521;11;V;1;2014;7.5;AC;2;2014;8;AC;2;2014;10.02;V;1;2014;10;V;2;2013;14;V;1;2014;10 087;V;2;2014;;;;;;;1;2014;;;;;11.5;V;1;2014;11.35;V;1;2014;6.15;NV;2;2014;;;1;2014
13014522;15.9;V;1;2014;15;V;1;2014;10;V;2;2014;10 375;V;1;2014;11.3;V;1;2013;12.5;V;1;2014;12 513;V;2;2014;10;V;2;2014;12;V;1;2014;8.5;AC;2;2014;10;V;2;2014;15 975;V;1;2014;12.2;V;1;2014;11 446;V;2;2014
13014526;11.8;V;1;2014;10;V;2;2014;10;V;2;2014;11.5;V;1;2014;10;V;2;2013;12.75;V;1;2014;11 008;V;2;2014;;;;;;;1;2014;;;;;10;V;2;2014;16 175;V;1;2014;12.7;V;1;2014;;;1;2014
13014532;;;;;;;;;;;;;10;V;2;2014;;;;;12.75;V;1;2014;;;1;2014;;;;;;;1;2014;;;;;;;;;10.75;V;1;2014;7.7;NV;2;2014;;;1;2014
13014538;;;;;9.5;NV;2;2014;1;NRA;1;2014;;;;;;;;;;;;;;;1;2014;5;NV;2;2014;10;V;2;2014;10.8;V;1;2014;4.75;NRA;1;2014;8.65;NV;2;2014;11.4;V;1;2014;8 433;NV;2;2014
13014544;7;NV;2;2014;10;V;2;2014;3.5;NRA;1;2014;8 375;NV;2;2014;10;V;2;2013;12;V;1;2014;8 479;NV;2;2014;;;;;;;1;2014;;;;;4.5;NRA;1;2014;;;1;2014;5.6;NV;2;2014;;;1;2014
13014545;;;;;;;;;;;;;;;;;10;V;2;2013;14.5;V;1;2014;;;1;2014;;;;;;;1;2014;;;;;;;;;0;NRA;1;2014;;;1;2014;;;1;2014
13014546;;;;;;;;;;;;;5;NV;2;2014;;;;;10.75;V;1;2014;;;1;2014;;;;;;;1;2014;;;;;;;;;10.6;V;1;2014;9;NV;2;2014;;;1;2014
13014551;10;V;2;2014;7;NV;2;2014;4;NRA;1;2014;14 125;V;1;2014;6;NV;2;2014;11 125;V;1;2014;8 708;NV;2;2014;;;;;;;1;2014;;;;;12.5;V;1;2014;12.75;V;1;2014;;;;;;;1;2014
13014552;2;NRA;1;2014;6;NV;2;2014;;;;;5.5;NV;2;2014;10.5;V;1;2013;13;V;1;2014;;;1;2014;2 175;NRA;1;2014;10;V;2;2014;3.9;NRA;1;2014;7;NV;2;2014;3 575;NRA;1;2014;2.5;NRA;1;2014;4 858;NV;2;2014
13014553;10.4;V;1;2014;17;V;1;2014;10;V;2;2014;12 875;V;1;2014;10;V;2;2013;11.75;V;1;2014;12 004;V;2;2014;10;V;2;2014;10;V;2;2014;9.5;AC;2;2014;12.75;V;1;2014;11 875;V;1;2014;10.9;V;1;2014;10 838;V;2;2014
13014555;12.3;V;1;2014;19.75;V;1;2014;10.8;V;1;2014;13 625;V;1;2014;10.3;V;1;2013;11 125;V;1;2014;12 983;V;1;2014;10;V;2;2014;13;V;1;2014;14.2;V;1;2014;12;V;1;2014;;;;;16.1;V;1;2014;;;1;2014
13014557;8.05;AC;2;2014;9.75;AC;2;2014;8;AC;2;2014;13.5;V;1;2014;8.36;AC;2;2014;12 875;V;1;2014;10 089;V;2;2014;;;;;;;1;2014;;;;;6.75;NV;2;2014;12.55;V;1;2014;;;;;;;1;2014
13014558;10;V;1;2014;11;V;1;2014;7;AC;2;2014;10;V;2;2014;10;V;2;2014;12;V;1;2014;10;V;2;2014;3.65;NRA;1;2014;11;V;1;2014;;;;;9;NV;2;2014;9.25;NV;2;2014;10.6;V;1;2014;;;1;2014
13014576;10;V;2;2014;;;;;;;;;;;;;;;;;;;;;;;1;2014;;;;;;;1;2014;;;;;;;;;4.55;NRA;1;2014;;;;;;;1;2014
13014585;;;;;;;;;;;;;;;;;;;;;6 125;NV;2;2014;;;1;2014;;;;;;;1;2014;;;;;;;;;;;1;2014;;;;;;;1;2014
13014586;;;;;;;;;;;;;7;NV;2;2014;;;;;;;;;;;1;2014;;;;;;;1;2014;;;;;;;;;;;;;;;;;;;1;2014
13014600;;;;;;;;;4;NRA;1;2014;7;NV;2;2014;;;;;12;V;1;2014;;;1;2014;;;;;;;1;2014;;;;;;;1;2014;;;1;2014;;;;;;;1;2014
13014601;7;NV;2;2014;10;V;2;2014;4.3;NRA;1;2014;8.25;NV;2;2014;10;V;2;2014;11.5;V;1;2014;8 508;NV;2;2014;10;V;2;2014;8;NV;2;2014;10;V;2;2014;7.75;NV;2;2014;13.15;V;1;2014;;;;;;;1;2014
13014602;10;V;2;2014;10;V;2;2014;;;;;;;;;10;V;2;2013;11.75;V;1;2014;;;1;2014;;;;;;;1;2014;;;;;;;;;11.7;V;1;2014;10;V;2;2014;;;1;2014
13014606;;;;;;;;;8;NV;2;2014;;;;;;;;;12;V;1;2014;;;1;2014;;;;;;;1;2014;;;;;7.25;NV;2;2014;17.7;V;1;2014;12;V;1;2014;;;1;2014
13014610;;;;;;;;;;;;;;;;;;;;;10.25;V;1;2014;;;1;2014;;;;;;;1;2014;;;;;;;;;;;1;2014;;;1;2014;;;1;2014
13014612;;;;;;;;;;;;;;;;;;;;;0;NRA;1;2014;;;1;2014;;;;;;;1;2014;;;;;;;;;;;1;2014;;;;;;;1;2014
13014628;10.95;V;1;2014;8.75;AC;2;2014;10;V;2;2014;11;V;1;2014;10.3;V;1;2013;10;V;2;2014;10 167;V;2;2014;10;V;2;2014;11;V;1;2014;9.2;AC;2;2014;12.25;V;1;2014;17.55;V;1;2014;12.5;V;1;2014;12 083;V;2;2014
13014672;10;V;2;2014;4.25;NRA;1;2014;7;NV;2;2014;0;NRA;1;2014;11.4;V;1;2013;0;NRA;1;2014;5 442;NV;2;2014;2.25;NRA;1;2014;10;V;1;2014;;;;;10.25;V;1;2014;4.2;NRA;1;2014;7.75;NV;2;2014;;;1;2014
13014673;;;;;7.75;NV;2;2014;;;;;;;;;10;V;2;2013;12;V;1;2014;;;1;2014;2.85;NRA;1;2014;11;V;1;2014;10;V;2;2014;11 125;V;1;2014;9.4;NV;2;2014;11.65;V;1;2014;9 338;NV;2;2014
13014674;10;V;2;2014;7;AC;2;2014;7;AC;2;2014;15.5;V;1;2014;8.16;AC;2;2014;14.5;V;1;2014;10.36;V;2;2014;;;;;;;1;2014;;;;;10.25;V;1;2014;4.2;NRA;1;2014;;;;;;;1;2014
13014675;;;;;;;;;;;;;;;;;;;;;10;V;1;2014;;;1;2014;;;;;;;1;2014;;;;;;;;;;;1;2014;;;;;;;1;2014
13014679;;;;;;;;;;;;;10.25;V;1;2014;;;;;10.5;V;1;2014;;;1;2014;;;;;;;1;2014;;;;;;;;;11.55;V;1;2014;8;NV;2;2014;;;1;2014
13014680;;;;;;;;;;;;;;;;;;;;;12.75;V;1;2014;;;1;2014;10;V;2;2014;10;V;2;2014;;;;;;;;;12 075;V;1;2014;15.4;V;1;2014;;;1;2014
13014719;;;;;;;;;;;;;;;;;;;;;;;;;;;1;2014;;;;;;;1;2014;;;;;;;;;10;V;2;2014;;;;;;;1;2014
13014733;;;;;;;;;;;;;;;;;;;;;10;V;2;2014;;;1;2014;;;;;;;1;2014;;;;;;;;;2.45;NRA;1;2014;;;;;;;1;2014
13014762;11.5;V;1;2014;9;AC;2;2014;8.6;AC;2;2014;14.75;V;1;2014;10;V;2;2013;14.25;V;1;2014;11.35;V;2;2014;;;;;;;1;2014;;;;;10.25;V;1;2014;8.6;NV;2;2014;10;V;2;2014;;;1;2014
13014764;;;;;;;;;9.25;NV;2;2014;13.25;V;1;2014;;;;;13.5;V;1;2014;;;1;2014;10;V;2;2014;2;NRA;1;2014;;;;;10.75;V;1;2014;;;1;2014;11.2;V;1;2014;;;1;2014
13014766;11.65;V;1;2014;10;V;2;2014;7.5;AC;2;2014;13 625;V;1;2014;7.6;AC;2;2013;12;V;1;2014;10 396;V;2;2014;8;AC;2;2014;11;V;1;2014;10;V;1;2014;8.75;AC;2;2014;7;AC;2;2014;14.15;V;1;2014;9 817;AC;2;2014
13014769;;;;;;;;;;;;;;;;;;;;;0;NRA;1;2014;;;1;2014;;;1;2014;;;1;2014;;;;;;;;;;;1;2014;0;NRA;1;2014;;;1;2014
13014770;;;;;;;;;;;;;;;;;;;;;12.25;V;1;2014;;;1;2014;;;;;;;1;2014;;;;;;;;;;;1;2014;0;NRA;1;2014;;;1;2014
13014771;10;V;2;2013;11.5;V;1;2014;7;AC;2;2014;11.5;V;1;2013;10;V;1;2013;11;V;1;2014;10 167;V;2;2014;7;AC;2;2014;10;V;2;2014;8.2;AC;2;2014;10.75;V;1;2014;10 625;V;1;2014;7.5;AC;2;2014;9 013;AC;2;2014
13014773;7;NV;2;2014;;;;;2.95;NRA;1;2014;;;;;;;;;;;;;;;1;2014;;;;;;;1;2014;;;;;;;1;2014;;;;;;;;;;;1;2014
13014774;;;;;;;;;0;NRA;1;2014;12.25;V;1;2014;;;;;10 875;V;1;2014;;;1;2014;1 575;NRA;1;2014;4;NRA;1;2014;;;;;10;V;2;2014;5 675;NV;2;2014;1.8;NRA;1;2014;;;1;2014
13014978;0;NRA;1;2014;;;;;3.4;NRA;1;2014;;;;;10;V;2;2013;;;;;;;1;2014;;;;;;;1;2014;;;;;;;1;2014;;;;;;;1;2014;;;1;2014
13014981;;;;;;;;;8.5;NV;2;2014;12 125;V;1;2014;;;;;11;V;1;2014;;;1;2014;7;NV;2;2014;10;V;1;2014;;;;;6.75;NV;2;2014;10 275;V;1;2014;11.3;V;1;2014;;;1;2014
13014982;7;AC;2;2014;7.5;AC;2;2014;8;AC;2;2014;12.87;V;1;2014;10;V;2;2013;15.25;V;1;2014;10 104;V;2;2014;7;AC;2;2014;10;V;2;2014;7.5;AC;2;2014;13.25;V;1;2014;7;AC;2;2014;10;V;2;2014;9 125;AC;2;2014
13014983;10;V;2;2014;7;AC;2;2014;8.5;AC;2;2014;14;V;1;2014;10;V;2;2013;11;V;1;2014;10 083;V;2;2014;8.5;AC;2;2014;10;V;2;2014;7.05;AC;2;2014;11.4;V;1;2014;11.55;V;1;2014;7.5;AC;2;2014;9 333;AC;2;2014
13014985;13.05;V;1;2014;10;V;2;2014;10.05;V;1;2014;14 625;V;1;2014;10.7;V;1;2013;10.75;V;1;2014;11 529;V;2;2014;10;V;2;2014;10;V;1;2014;12;V;1;2014;11.5;V;1;2014;12.1;V;1;2014;15.75;V;1;2014;11 892;V;2;2014
13014986;;;;;;;;;7.5;NV;2;2014;13;V;1;2014;;;;;10.25;V;1;2014;;;1;2014;;;1;2014;8;NV;2;2014;;;;;12.5;V;1;2014;10;V;2;2014;10;V;2;2014;;;1;2014
13014989;;;;;;;;;3.7;NRA;1;2014;7;NV;2;2014;;;;;10;V;2;2014;;;1;2014;;;;;;;1;2014;;;;;8.75;NV;2;2014;2.1;NRA;1;2014;;;;;;;1;2014
13014998;13.05;V;1;2014;15;V;1;2014;10.4;V;1;2014;14.5;V;1;2014;18.1;V;1;2013;16;V;1;2014;14 508;V;1;2014;10;V;2;2014;10;V;1;2014;10;V;1;2014;12;V;1;2014;13.75;V;1;2014;10.8;V;1;2014;11 092;V;2;2014
13015007;;;;;;;;;;;;;;;;;;;;;;;;;;;1;2014;;;;;;;1;2014;;;;;;;;;;;1;2014;;;;;;;1;2014
13015044;;;;;;;;;;;;;;;;;;;;;;;;;;;1;2014;;;;;;;1;2014;;;;;;;;;;;;;.6;NRA;1;2014;;;1;2014
13015295;13;V;1;2014;17;V;1;2014;10;V;2;2014;10.5;V;1;2014;10.1;V;1;2013;13.5;V;1;2014;12.35;V;2;2014;11 075;V;1;2014;11;V;1;2014;10.4;V;1;2014;11;V;1;2014;14.65;V;1;2014;14.6;V;1;2014;12 121;V;1;2014
13015299;4.5;NRA;1;2014;;;;;8.5;NV;2;2014;;;;;10.2;V;1;2013;10;V;2;2014;;;1;2014;;;;;;;;;;;;;;;;;15.25;V;1;2014;11.8;V;1;2014;;;1;2014
13015303;10;V;2;2014;14.5;V;1;2014;7.5;AC;2;2014;11.25;V;1;2014;10;V;2;2013;13.75;V;1;2014;11 167;V;2;2014;10;V;2;2014;10;V;2;2014;10;V;2;2014;9.5;AC;2;2014;17 075;V;1;2014;14.4;V;1;2014;11 829;V;2;2014
13015319;;;;;;;;;;;;;;;;;;;;;0;NRA;1;2014;;;1;2014;;;;;;;1;2014;;;;;;;;;;;1;2014;;;;;;;1;2014
13015405;;;;;;;;;7.5;NV;2;2014;10;V;2;2014;10.6;V;1;2013;8.85;NV;2;2014;;;1;2014;3 275;NRA;1;2014;8;NV;2;2014;;;;;11.5;V;1;2014;10;V;2;2014;10;V;2;2014;;;1;2014
13015447;;;;;;;;;;;;;7;NV;2;2014;;;;;8;NV;2;2014;;;1;2014;;;;;;;1;2014;;;;;;;;;4.85;NRA;1;2014;;;;;;;1;2014
13015466;;;;;;;;;;;;;;;;;;;;;;;;;;;;;;;;;;;1;2014;;;;;;;;;;;1;2014;;;;;;;1;2014
13016006;;;;;;;;;;;;;;;;;;;;;;;;;;;1;2014;;;;;;;1;2014;;;;;;;;;;;1;2014;;;;;;;1;2014
13016043;13.25;V;1;2014;9;AC;2;2014;10;V;2;2014;10;V;2;2014;10;V;2;2013;14.5;V;1;2014;11 125;V;2;2014;;;;;;;1;2014;;;;;14.75;V;1;2014;11.55;V;1;2014;11.35;V;1;2014;;;1;2014
13016159;;;;;;;;;;;;;;;;;10;V;2;2013;8.87;NV;2;2014;;;1;2014;;;;;;;1;2014;;;;;;;;;;;1;2014;;;1;2014;;;1;2014
13016218;14.2;V;1;2014;17;V;1;2014;10.1;V;1;2014;10 375;V;1;2014;11;V;1;2013;12.25;V;1;2014;12 488;V;1;2014;10.5;V;1;2014;13;V;1;2014;10.4;V;1;2014;10;V;1;2014;18.7;V;1;2014;17.3;V;1;2014;13 317;V;1;2014
13016466;;;;;7.25;NV;2;2014;3.3;NRA;1;2014;;;;;;;;;9.25;NV;2;2014;;;1;2014;;;;;;;1;2014;7.2;NV;2;2014;;;;;;;;;;;;;;;1;2014
13016472;;;;;;;;;8.1;NV;2;2014;;;;;;;;;10.75;V;1;2014;;;1;2014;;;1;2014;4;NRA;1;2014;;;;;8.25;NV;2;2014;7.3;NV;2;2014;11.2;V;1;2014;;;1;2014
13016477;;;;;;;;;;;;;;;;;;;;;11 125;V;1;2014;;;1;2014;;;1;2014;2;NRA;1;2014;;;;;;;;;10.35;V;1;2014;8.5;NV;2;2014;;;1;2014
14005154;7;NV;2;2014;8.5;NV;2;2014;2.2;NRA;1;2014;12;V;1;2014;10.25;V;1;2014;12.75;V;1;2014;8 783;NV;2;2014;;;1;2014;4;NRA;1;2014;1;NRA;1;2014;7;NV;2;2014;;;1;2014;.1;NRA;1;2014;;;1;2014
14005155;10;V;2;2014;7;AC;2;2014;10;V;2;2014;10.5;V;1;2014;9.5;AC;1;2014;13.5;V;1;2014;10 083;V;2;2014;3 125;NRA;1;2014;4;NRA;1;2014;7.1;NV;2;2014;11.5;V;1;2014;4.5;NRA;1;2014;10;V;2;2014;6 704;NV;2;2014
14005656;2;NRA;1;2014;3;NRA;1;2014;10;V;2;2014;8.5;NV;2;2014;9.5;AC;1;2014;11.25;V;1;2014;7 375;NV;2;2014;;;1;2014;;;1;2014;.8;NRA;1;2014;8;NV;2;2014;;;1;2014;.2;NRA;1;2014;;;1;2014
14005669;7;NV;2;2014;2.5;NRA;1;2014;3.7;NRA;1;2014;5.75;NV;2;2014;10;V;1;2014;10.75;V;1;2014;6 617;NV;2;2014;1.2;NRA;1;2014;4;NRA;1;2014;4.3;NRA;1;2014;8.25;NV;2;2014;4.35;NRA;1;2014;10;V;2;2014;5.35;NV;2;2014
14005674;10;V;2;2014;11.2;V;1;2014;10;V;2;2014;12;V;1;2014;;;;;14;V;1;2014;11 572;NV;1;2014;8;AC;2;2014;11;V;1;2014;8.8;AC;2;2014;13.5;V;1;2014;17.2;V;1;2014;15.6;V;1;2014;12.35;V;2;2014
14005676;10.1;V;1;2014;11.25;V;1;2014;8.5;AC;2;2014;13 375;V;1;2014;7;AC;1;2014;13;V;1;2014;10 538;V;2;2014;8 275;AC;2;2014;10;V;2;2014;10;V;2;2014;13;V;1;2014;12.1;V;1;2014;11.9;V;1;2014;10 879;V;2;2014
